A,𐑩
A,𐑱
ABANDONED,𐑩𐑚𐑨𐑯𐑛𐑩𐑯𐑛
ABOUT,𐑩𐑚𐑬𐑑
ABOVE,𐑩𐑚𐑳𐑝
ABROAD,𐑩𐑚𐑮𐑷𐑛
ABSOLUTE,𐑨𐑚𐑕𐑩𐑤𐑵𐑑
ACCOUNT,𐑩𐑒𐑬𐑯𐑑
ACTION,𐑨𐑒𐑖𐑩𐑯
AFFLICTED,𐑩𐑓𐑤𐑦𐑒𐑑𐑩𐑛
AGAIN,𐑩𐑜𐑧𐑯
AGAINST,𐑩𐑜𐑧𐑯𐑕𐑑
AGED,𐑱𐑡𐑛
AGED,𐑱𐑡𐑩𐑛
AGITATION,𐑨𐑡𐑦𐑑𐑱𐑖𐑩𐑯
AGREEING,𐑩𐑜𐑮𐑰𐑦𐑙
AH,𐑭
AID,𐑱𐑛
AIDED,𐑱𐑛𐑩𐑛
AIDENN,𐑱𐑛𐑩𐑯
ALL,𐑷𐑤
ALLAN,𐑨𐑤𐑩𐑯
ALOUD,𐑩𐑤𐑬𐑛
ALSO,𐑷𐑤𐑕𐑴
ALTHOUGH,𐑷𐑤𐑞𐑴
AM,𐑨𐑥
AMID,𐑩𐑥𐑦𐑛
AMONG,𐑩𐑥𐑳𐑙
AN,𐑩𐑯
AN,𐑨𐑯
ANCIENT,𐑱𐑯𐑖𐑩𐑯𐑑
AND,𐑨𐑯𐑛
ANTIQUE,𐑨𐑯𐑑𐑰𐑒
APPALLED,𐑩𐑐𐑷𐑤𐑛
APPALS,𐑩𐑐𐑷𐑤𐑟
APPENNINES,𐑩𐑐𐑧𐑯𐑲𐑯𐑟
APPLIANCES,𐑩𐑐𐑤𐑲𐑩𐑯𐑕𐑩𐑟
APPOINTMENTS,𐑩𐑐𐑶𐑯𐑑𐑥𐑩𐑯𐑑𐑕
APPROACH,𐑩𐑐𐑮𐑴𐑗
APPROACHED,𐑩𐑐𐑮𐑴𐑗𐑑
APPROVED,𐑩𐑐𐑮𐑵𐑝𐑛
AS,𐑨𐑟
ASIDE,𐑩𐑕𐑲𐑛
ASSUMPTIONS,𐑩𐑕𐑳𐑥𐑐𐑖𐑩𐑯𐑟
ASTOUNDED,𐑩𐑕𐑑𐑬𐑯𐑛𐑩𐑛
AT,𐑨𐑑
ATTAINED,𐑩𐑑𐑱𐑯𐑛
ATTENDANTS,𐑩𐑑𐑧𐑯𐑛𐑩𐑯𐑑𐑕
ATTENTION,𐑩𐑑𐑧𐑯𐑖𐑩𐑯
ATTENTIONS,𐑩𐑑𐑧𐑯𐑖𐑩𐑯𐑟
AUGUST,𐑷𐑜𐑩𐑕𐑑
AVENGED,𐑩𐑝𐑧𐑯𐑡𐑛
AWAITING,𐑩𐑢𐑱𐑑𐑦𐑙
AWAY,𐑩𐑢𐑱
AWE,𐑷
B,𐑚𐑰
BACK,𐑚𐑨𐑒
BACKED,𐑚𐑨𐑒𐑑
BADE,𐑚𐑱𐑛
BALL,𐑚𐑷𐑤
BALM,𐑚𐑭𐑥
BAN,𐑚𐑨𐑯
BE,𐑚𐑰
BEAK,𐑚𐑰𐑒
BEAST,𐑚𐑰𐑕𐑑
BEAT,𐑚𐑰𐑑
BEATING,𐑚𐑰𐑑𐑦𐑙
BECAME,𐑚𐑦𐑒𐑱𐑥
BECOME,𐑚𐑦𐑒𐑳𐑥
BED,𐑚𐑧𐑛
BEDECKED,𐑚𐑦𐑛𐑧𐑒𐑑
BEGAN,𐑚𐑦𐑜𐑨𐑯
BEGUILING,𐑚𐑦𐑜𐑲𐑤𐑦𐑙
BEHELD,𐑚𐑦𐑣𐑧𐑤𐑛
BEING,𐑚𐑰𐑦𐑙
BELL,𐑚𐑧𐑤
BELLS,𐑚𐑧𐑤𐑟
BELOVED,𐑚𐑦𐑤𐑳𐑝𐑛
BELOW,𐑚𐑦𐑤𐑴
BENDS,𐑚𐑧𐑯𐑛𐑟
BENEATH,𐑚𐑦𐑯𐑰𐑔
BESIDE,𐑚𐑦𐑕𐑲𐑛
BESIDES,𐑚𐑦𐑕𐑲𐑛𐑟
BETOOK,𐑚𐑦𐑑𐑫𐑒
BETWEEN,𐑚𐑦𐑑𐑢𐑰𐑯
BID,𐑚𐑦𐑛
BIRD,𐑚𐑻𐑛
BLACK,𐑚𐑤𐑨𐑒
BLACKNESS,𐑚𐑤𐑨𐑒𐑯𐑩𐑕
BLEAK,𐑚𐑤𐑰𐑒
BLEEDING,𐑚𐑤𐑰𐑛𐑦𐑙
BLESSED,𐑚𐑤𐑧𐑕𐑑
BLESSED,𐑚𐑤𐑧𐑕𐑩𐑛
BLOOD,𐑚𐑤𐑳𐑛
BLUE,𐑚𐑤𐑵
BOLD,𐑚𐑴𐑤𐑛
BOLTS,𐑚𐑴𐑤𐑑𐑕
BONES,𐑚𐑴𐑯𐑟
BOOK,𐑚𐑫𐑒
BOOKS,𐑚𐑫𐑒𐑕
BOSOM,𐑚𐑫𐑟𐑩𐑥
BOSOM'S,𐑚𐑫𐑟𐑩𐑥𐑟
BOTH,𐑚𐑴𐑔
BOUGHT,𐑚𐑷𐑑
BOUNDS,𐑚𐑬𐑯𐑛𐑟
BOWED,𐑚𐑴𐑛
BOWED,𐑚𐑬𐑛
BRAZEN,𐑚𐑮𐑱𐑟𐑩𐑯
BREAST,𐑚𐑮𐑧𐑕𐑑
BREATH,𐑚𐑮𐑧𐑔
BRIDE,𐑚𐑮𐑲𐑛
BRIEF,𐑚𐑮𐑰𐑓
BRITISH,𐑚𐑮𐑦𐑑𐑦𐑖
BROAD,𐑚𐑮𐑷𐑛
BROKE,𐑚𐑮𐑴𐑒
BROKEN,𐑚𐑮𐑴𐑒𐑩𐑯
BROUGHT,𐑚𐑮𐑷𐑑
BROW,𐑚𐑮𐑬
BROWS,𐑚𐑮𐑬𐑟
BRUSH,𐑚𐑮𐑳𐑖
BRUSHES,𐑚𐑮𐑳𐑖𐑩𐑟
BUFFOONS,𐑚𐑩𐑓𐑵𐑯𐑟
BUILDING,𐑚𐑦𐑤𐑛𐑦𐑙
BURDEN,𐑚𐑻𐑛𐑩𐑯
BURNED,𐑚𐑻𐑯𐑛
BURNING,𐑚𐑻𐑯𐑦𐑙
BURSTING,𐑚𐑻𐑕𐑑𐑦𐑙
BUST,𐑚𐑳𐑕𐑑
BUT,𐑚𐑳𐑑
BUZZ,𐑚𐑳𐑟
BY,𐑚𐑲
C,𐑕𐑰
CALLED,𐑒𐑷𐑤𐑛
CALM,𐑒𐑭𐑥
CAME,𐑒𐑱𐑥
CAN,𐑒𐑨𐑯
CANDELABRUM,𐑒𐑨𐑯𐑛𐑦𐑤𐑭𐑚𐑮𐑩𐑥
CANVAS,𐑒𐑨𐑯𐑝𐑩𐑕
CAP,𐑒𐑨𐑐
CASE,𐑒𐑱𐑕
CASEMENTS,𐑒𐑱𐑕𐑥𐑩𐑯𐑑𐑕
CATACOMBS,𐑒𐑨𐑑𐑩𐑒𐑴𐑥𐑟
CAUGHT,𐑒𐑷𐑑
CAUSE,𐑒𐑷𐑟
CAUSED,𐑒𐑷𐑟𐑛
CAUSING,𐑒𐑷𐑟𐑦𐑙
CAUTION,𐑒𐑷𐑖𐑩𐑯
CAUTIOUS,𐑒𐑷𐑖𐑩𐑕
CEASED,𐑕𐑰𐑕𐑑
CEILING,𐑕𐑰𐑤𐑦𐑙
CEREMENTS,𐑕𐑧𐑮𐑦𐑥𐑩𐑯𐑑𐑕
CERTAIN,𐑕𐑻𐑑𐑩𐑯
CHAIN,𐑗𐑱𐑯
CHAINED,𐑗𐑱𐑯𐑛
CHATEAU,𐑖𐑨𐑑𐑴
CHEAT,𐑗𐑰𐑑
CHEEKS,𐑗𐑰𐑒𐑕
CHERISHING,𐑗𐑧𐑮𐑦𐑖𐑦𐑙
CHIME,𐑗𐑲𐑥
CHIMES,𐑗𐑲𐑥𐑟
CHIMING,𐑗𐑲𐑥𐑦𐑙
CHOICE,𐑗𐑶𐑕
CIRCUIT,𐑕𐑻𐑒𐑦𐑑
CLANG,𐑒𐑤𐑨𐑙
CLANKING,𐑒𐑤𐑨𐑙𐑒𐑦𐑙
CLOAK,𐑒𐑤𐑴𐑒
CLOSE,𐑒𐑤𐑴𐑕
CLOSE,𐑒𐑤𐑴𐑟
CLOSED,𐑒𐑤𐑴𐑟𐑛
CLOSEST,𐑒𐑤𐑴𐑕𐑩𐑕𐑑
COLD,𐑒𐑴𐑤𐑛
COME,𐑒𐑳𐑥
COMES,𐑒𐑳𐑥𐑟
COMMENCED,𐑒𐑩𐑥𐑧𐑯𐑕𐑑
COMPLETED,𐑒𐑩𐑥𐑐𐑤𐑰𐑑𐑩𐑛
CONCEALED,𐑒𐑩𐑯𐑕𐑰𐑤𐑛
CONCEPTIONS,𐑒𐑩𐑯𐑕𐑧𐑐𐑖𐑩𐑯𐑟
CONCLUSION,𐑒𐑩𐑙𐑒𐑤𐑵𐑠𐑩𐑯
CONDITION,𐑒𐑩𐑯𐑛𐑦𐑖𐑩𐑯
CONFOUNDED,𐑒𐑩𐑯𐑓𐑬𐑯𐑛𐑩𐑛
CONFRONTED,𐑒𐑩𐑯𐑓𐑮𐑳𐑯𐑑𐑩𐑛
CONFUSED,𐑒𐑩𐑯𐑓𐑿𐑟𐑛
CONSTRAINED,𐑒𐑩𐑯𐑕𐑑𐑮𐑱𐑯𐑛
CONSTRUCTED,𐑒𐑩𐑯𐑕𐑑𐑮𐑳𐑒𐑑𐑩𐑛
CONSULTING,𐑒𐑩𐑯𐑕𐑳𐑤𐑑𐑦𐑙
CONTAGION,𐑒𐑩𐑯𐑑𐑱𐑡𐑩𐑯
CONTINUED,𐑒𐑩𐑯𐑑𐑦𐑯𐑿𐑛
CONVULSED,𐑒𐑩𐑯𐑝𐑳𐑤𐑕𐑑
COULD,𐑒𐑫𐑛
COUNTENANCE,𐑒𐑬𐑯𐑑𐑩𐑯𐑩𐑯𐑕
COUNTENANCES,𐑒𐑬𐑯𐑑𐑩𐑯𐑩𐑯𐑕𐑩𐑟
CRAVEN,𐑒𐑮𐑱𐑝𐑩𐑯
CREATION,𐑒𐑮𐑰𐑱𐑖𐑩𐑯
CREPT,𐑒𐑮𐑧𐑐𐑑
CREST,𐑒𐑮𐑧𐑕𐑑
CRIED,𐑒𐑮𐑲𐑛
CRITICISE,𐑒𐑮𐑦𐑑𐑦𐑕𐑲𐑟
CROAKING,𐑒𐑮𐑴𐑒𐑦𐑙
CROWD,𐑒𐑮𐑬𐑛
CROWDED,𐑒𐑮𐑬𐑛𐑩𐑛
CRUSHES,𐑒𐑮𐑳𐑖𐑩𐑟
CRY,𐑒𐑮𐑲
CRYING,𐑒𐑮𐑲𐑦𐑙
CRYPT,𐑒𐑮𐑦𐑐𐑑
CURTAIN,𐑒𐑻𐑑𐑩𐑯
CURTAINS,𐑒𐑻𐑑𐑩𐑯𐑟
CUSHION'S,𐑒𐑫𐑖𐑩𐑯𐑟
CUSHIONED,𐑒𐑫𐑖𐑩𐑯𐑛
D,𐑛𐑰
DAMES,𐑛𐑱𐑥𐑟
DAMP,𐑛𐑨𐑥𐑐
DAMPNESS,𐑛𐑨𐑥𐑐𐑯𐑩𐑕
DAMPS,𐑛𐑨𐑥𐑐𐑕
DAUNTLESS,𐑛𐑷𐑯𐑑𐑤𐑩𐑕
DAY,𐑛𐑱
DAYS,𐑛𐑱𐑟
DE,𐑛𐑩
DE,𐑛𐑰
DEAD,𐑛𐑧𐑛
DEATH,𐑛𐑧𐑔
DECAY,𐑛𐑦𐑒𐑱
DECEIVED,𐑛𐑦𐑕𐑰𐑝𐑛
DECIDED,𐑛𐑦𐑕𐑲𐑛𐑩𐑛
DECISION,𐑛𐑦𐑕𐑦𐑠𐑩𐑯
DECORA,𐑛𐑦𐑒𐑷𐑮𐑩
DECORUM,𐑛𐑦𐑒𐑷𐑮𐑩𐑥
DEED,𐑛𐑰𐑛
DEEP,𐑛𐑰𐑐
DEFEND,𐑛𐑦𐑓𐑧𐑯𐑛
DEFIANCE,𐑛𐑦𐑓𐑲𐑩𐑯𐑕
DEFINITIVENESS,𐑛𐑦𐑓𐑦𐑯𐑦𐑑𐑦𐑝𐑯𐑩𐑕
DEMON'S,𐑛𐑰𐑥𐑩𐑯𐑟
DEPENDED,𐑛𐑦𐑐𐑧𐑯𐑛𐑩𐑛
DEPICT,𐑛𐑦𐑐𐑦𐑒𐑑
DEPICTED,𐑛𐑦𐑐𐑦𐑒𐑑𐑩𐑛
DEPRIVED,𐑛𐑦𐑐𐑮𐑲𐑝𐑛
DEPTH,𐑛𐑧𐑐𐑔
DESCENDED,𐑛𐑦𐑕𐑧𐑯𐑛𐑩𐑛
DESCENDING,𐑛𐑦𐑕𐑧𐑯𐑛𐑦𐑙
DESCENT,𐑛𐑦𐑕𐑧𐑯𐑑
DESCRIBE,𐑛𐑦𐑕𐑒𐑮𐑲𐑚
DESERT,𐑛𐑦𐑟𐑻𐑑
DESERT,𐑛𐑧𐑟𐑼𐑑
DESIGN,𐑛𐑦𐑟𐑲𐑯
DESIGNATED,𐑛𐑧𐑟𐑦𐑜𐑯𐑱𐑑𐑩𐑛
DESOLATE,𐑛𐑧𐑕𐑩𐑤𐑱𐑑
DESTINED,𐑛𐑧𐑕𐑑𐑦𐑯𐑛
DETECTING,𐑛𐑦𐑑𐑧𐑒𐑑𐑦𐑙
DEVASTATED,𐑛𐑧𐑝𐑦𐑕𐑑𐑱𐑑𐑩𐑛
DID,𐑛𐑦𐑛
DIE,𐑛𐑲
DIED,𐑛𐑲𐑛
DIFFERENT,𐑛𐑦𐑓𐑮𐑩𐑯𐑑
DIRECTED,𐑛𐑲𐑮𐑧𐑒𐑑𐑩𐑛
DIRECTION,𐑛𐑲𐑮𐑧𐑒𐑖𐑩𐑯
DIRGES,𐑛𐑻𐑡𐑩𐑟
DISAPPROBATION,𐑛𐑦𐑕𐑨𐑐𐑮𐑩𐑚𐑱𐑖𐑩𐑯
DISCUSSED,𐑛𐑦𐑕𐑒𐑳𐑕𐑑
DISEASE,𐑛𐑦𐑟𐑰𐑟
DISGUST,𐑛𐑦𐑕𐑜𐑳𐑕𐑑
DISPELLED,𐑛𐑦𐑕𐑐𐑧𐑤𐑛
DISPIRITED,𐑛𐑦𐑕𐑐𐑦𐑮𐑦𐑑𐑩𐑛
DISPLACING,𐑛𐑦𐑕𐑐𐑤𐑱𐑕𐑦𐑙
DISPLEASED,𐑛𐑦𐑕𐑐𐑤𐑰𐑟𐑛
DISPOSED,𐑛𐑦𐑕𐑐𐑴𐑟𐑛
DISSIPATE,𐑛𐑦𐑕𐑦𐑐𐑱𐑑
DISSOLUTION,𐑛𐑦𐑕𐑩𐑤𐑵𐑖𐑩𐑯
DISTANT,𐑛𐑦𐑕𐑑𐑩𐑯𐑑
DISTASTE,𐑛𐑦𐑕𐑑𐑱𐑕𐑑
DISTILLED,𐑛𐑦𐑕𐑑𐑦𐑤𐑛
DISTINGUISH,𐑛𐑦𐑕𐑑𐑦𐑙𐑜𐑢𐑦𐑖
DISTINGUISHED,𐑛𐑦𐑕𐑑𐑦𐑙𐑜𐑢𐑦𐑖𐑑
DISTURB,𐑛𐑦𐑕𐑑𐑻𐑚
DISTURBED,𐑛𐑦𐑕𐑑𐑻𐑚𐑛
DIVINING,𐑛𐑦𐑝𐑲𐑯𐑦𐑙
DO,𐑛𐑵
DO,𐑛𐑴
DONE,𐑛𐑳𐑯
DOUBT,𐑛𐑬𐑑
DOUBTING,𐑛𐑬𐑑𐑦𐑙
DOUBTLESS,𐑛𐑬𐑑𐑤𐑩𐑕
DOUBTS,𐑛𐑬𐑑𐑕
DOWN,𐑛𐑬𐑯
DRAWING,𐑛𐑮𐑷𐑦𐑙
DRAWN,𐑛𐑮𐑷𐑯
DREADING,𐑛𐑮𐑧𐑛𐑦𐑙
DREAM,𐑛𐑮𐑰𐑥
DREAMING,𐑛𐑮𐑰𐑥𐑦𐑙
DREAMS,𐑛𐑮𐑰𐑥𐑟
DRESS,𐑛𐑮𐑧𐑕
DREW,𐑛𐑮𐑵
DRINK,𐑛𐑮𐑦𐑙𐑒
DRINKING,𐑛𐑮𐑦𐑙𐑒𐑦𐑙
DRIPPED,𐑛𐑮𐑦𐑐𐑑
DRUNKEN,𐑛𐑮𐑳𐑙𐑒𐑩𐑯
DULL,𐑛𐑳𐑤
DUSK,𐑛𐑳𐑕𐑒
DYING,𐑛𐑲𐑦𐑙
E,𐑰
EACH,𐑰𐑗
EARTH,𐑻𐑔
EASE,𐑰𐑟
ECHO,𐑧𐑒𐑴
ECHOED,𐑧𐑒𐑴𐑛
ECHOES,𐑧𐑒𐑴𐑟
EFFECT,𐑦𐑓𐑧𐑒𐑑
EFFECTS,𐑦𐑓𐑧𐑒𐑑𐑕
EGRESS,𐑦𐑜𐑮𐑧𐑕
EGRESS,𐑰𐑜𐑮𐑧𐑕
EIGHTH,𐑱𐑑𐑔
ELBOW,𐑧𐑤𐑚𐑴
ELEVENTH,𐑦𐑤𐑧𐑝𐑩𐑯𐑔
EMANATING,𐑧𐑥𐑩𐑯𐑱𐑑𐑦𐑙
EMBELLISHMENTS,𐑦𐑥𐑚𐑧𐑤𐑦𐑖𐑥𐑩𐑯𐑑𐑕
EMBRACE,𐑦𐑥𐑚𐑮𐑱𐑕
EMBRACED,𐑦𐑥𐑚𐑮𐑱𐑕𐑑
EMOTION,𐑦𐑥𐑴𐑖𐑩𐑯
EMPHASIS,𐑧𐑥𐑓𐑩𐑕𐑦𐑕
ENCRUSTED,𐑦𐑙𐑒𐑮𐑳𐑕𐑑𐑩𐑛
END,𐑧𐑯𐑛
ENDS,𐑧𐑯𐑛𐑟
ENGAGED,𐑦𐑙𐑜𐑱𐑡𐑛
ENGAGEMENT,𐑦𐑙𐑜𐑱𐑡𐑥𐑩𐑯𐑑
ENOUGH,𐑦𐑯𐑳𐑓
ENTRANCE,𐑧𐑯𐑑𐑮𐑩𐑯𐑕
ENTRANCE,𐑦𐑯𐑑𐑮𐑨𐑯𐑕
ENVELOPED,𐑦𐑯𐑝𐑧𐑤𐑩𐑐𐑑
ERECT,𐑦𐑮𐑧𐑒𐑑
ERECTED,𐑦𐑮𐑧𐑒𐑑𐑩𐑛
ESTABLISHED,𐑦𐑕𐑑𐑨𐑚𐑤𐑦𐑖𐑑
EVEN,𐑰𐑝𐑩𐑯
EVENING,𐑰𐑝𐑯𐑦𐑙
EVENING,𐑰𐑝𐑩𐑯𐑦𐑙
EXCELLENT,𐑧𐑒𐑕𐑩𐑤𐑩𐑯𐑑
EXCESSIVE,𐑦𐑒𐑕𐑧𐑕𐑦𐑝
EXCITED,𐑦𐑒𐑕𐑲𐑑𐑩𐑛
EXCLAIMED,𐑦𐑒𐑕𐑒𐑤𐑱𐑥𐑛
EXECUTION,𐑧𐑒𐑕𐑦𐑒𐑿𐑖𐑩𐑯
EXISTED,𐑦𐑜𐑟𐑦𐑕𐑑𐑩𐑛
EXPECTED,𐑦𐑒𐑕𐑐𐑧𐑒𐑑𐑩𐑛
EXPLICIT,𐑦𐑒𐑕𐑐𐑤𐑦𐑕𐑦𐑑
EXPOSED,𐑦𐑒𐑕𐑐𐑴𐑟𐑛
EXPRESSING,𐑦𐑒𐑕𐑐𐑮𐑧𐑕𐑦𐑙
EXPRESSION,𐑦𐑒𐑕𐑐𐑮𐑧𐑖𐑩𐑯
EXPRESSIVE,𐑦𐑒𐑕𐑐𐑮𐑧𐑕𐑦𐑝
EXTENSIVE,𐑦𐑒𐑕𐑑𐑧𐑯𐑕𐑦𐑝
EXTENT,𐑦𐑒𐑕𐑑𐑧𐑯𐑑
EXTREME,𐑦𐑒𐑕𐑑𐑮𐑰𐑥
EYE,𐑲
EYES,𐑲𐑟
F,𐑧𐑓
FABRIC,𐑓𐑨𐑚𐑮𐑦𐑒
FACE,𐑓𐑱𐑕
FACT,𐑓𐑨𐑒𐑑
FAILED,𐑓𐑱𐑤𐑛
FAILS,𐑓𐑱𐑤𐑟
FALL,𐑓𐑷𐑤
FALLING,𐑓𐑷𐑤𐑦𐑙
FALLS,𐑓𐑷𐑤𐑟
FANGS,𐑓𐑨𐑙𐑟
FANTASTIC,𐑓𐑨𐑯𐑑𐑨𐑕𐑑𐑦𐑒
FASHION,𐑓𐑨𐑖𐑩𐑯
FASHIONS,𐑓𐑨𐑖𐑩𐑯𐑟
FAWN,𐑓𐑷𐑯
FEEL,𐑓𐑰𐑤
FEELING,𐑓𐑰𐑤𐑦𐑙
FEET,𐑓𐑰𐑑
FELL,𐑓𐑧𐑤
FELLOW,𐑓𐑧𐑤𐑴
FELLOWS,𐑓𐑧𐑤𐑴𐑟
FELT,𐑓𐑧𐑤𐑑
FERVID,𐑓𐑻𐑝𐑦𐑛
FETE,𐑓𐑱𐑑
FEW,𐑓𐑿
FIELD,𐑓𐑰𐑤𐑛
FIEND,𐑓𐑰𐑯𐑛
FIFTH,𐑓𐑦𐑓𐑔
FILIGREED,𐑓𐑦𐑤𐑦𐑜𐑮𐑰𐑛
FILLED,𐑓𐑦𐑤𐑛
FINDING,𐑓𐑲𐑯𐑛𐑦𐑙
FINE,𐑓𐑲𐑯
FINISHED,𐑓𐑦𐑯𐑦𐑖𐑑
FIRST,𐑓𐑻𐑕𐑑
FITTED,𐑓𐑦𐑑𐑩𐑛
FITTING,𐑓𐑦𐑑𐑦𐑙
FLAGON,𐑓𐑤𐑨𐑜𐑩𐑯
FLAMBEAUX,𐑓𐑤𐑨𐑥𐑚𐑴
FLAME,𐑓𐑤𐑱𐑥
FLAMES,𐑓𐑤𐑱𐑥𐑟
FLASHED,𐑓𐑤𐑨𐑖𐑑
FLASHING,𐑓𐑤𐑨𐑖𐑦𐑙
FLEECE,𐑓𐑤𐑰𐑕
FLEW,𐑓𐑤𐑵
FLIES,𐑓𐑤𐑲𐑟
FLIRT,𐑓𐑤𐑻𐑑
FLITTING,𐑓𐑤𐑦𐑑𐑦𐑙
FLOATING,𐑓𐑤𐑴𐑑𐑦𐑙
FLOATS,𐑓𐑤𐑴𐑑𐑕
FLOWN,𐑓𐑤𐑴𐑯
FLOWS,𐑓𐑤𐑴𐑟
FLUNG,𐑓𐑤𐑳𐑙
FOLDING,𐑓𐑴𐑤𐑛𐑦𐑙
FOLDS,𐑓𐑴𐑤𐑛𐑟
FOOLS,𐑓𐑵𐑤𐑟
FOOT,𐑓𐑫𐑑
FOULNESS,𐑓𐑬𐑤𐑯𐑩𐑕
FOUND,𐑓𐑬𐑯𐑛
FOWL,𐑓𐑬𐑤
FRAME,𐑓𐑮𐑱𐑥
FRAMES,𐑓𐑮𐑱𐑥𐑟
FRIEND,𐑓𐑮𐑧𐑯𐑛
FRIENDS,𐑓𐑮𐑧𐑯𐑛𐑟
FRINGED,𐑓𐑮𐑦𐑯𐑡𐑛
FRO,𐑓𐑮𐑴
FRONT,𐑓𐑮𐑳𐑯𐑑
FROWNED,𐑓𐑮𐑬𐑯𐑛
FROZEN,𐑓𐑮𐑴𐑟𐑩𐑯
FULL,𐑓𐑫𐑤
FURNACES,𐑓𐑻𐑯𐑦𐑕𐑩𐑟
FURNISHED,𐑓𐑻𐑯𐑦𐑖𐑑
G,𐑡𐑰
GAIN,𐑜𐑱𐑯
GAIT,𐑜𐑱𐑑
GATES,𐑜𐑱𐑑𐑕
GAVE,𐑜𐑱𐑝
GAY,𐑜𐑱
GAZE,𐑜𐑱𐑟
GAZED,𐑜𐑱𐑟𐑛
GESTICULATION,𐑡𐑧𐑕𐑑𐑦𐑒𐑘𐑫𐑤𐑱𐑖𐑩𐑯
GET,𐑜𐑧𐑑
GETTING,𐑜𐑧𐑑𐑦𐑙
GHOST,𐑜𐑴𐑕𐑑
GILDED,𐑜𐑦𐑤𐑛𐑩𐑛
GIRL,𐑜𐑻𐑤
GIVEN,𐑜𐑦𐑝𐑩𐑯
GIVING,𐑜𐑦𐑝𐑦𐑙
GLEAMING,𐑜𐑤𐑰𐑥𐑦𐑙
GLEAMS,𐑜𐑤𐑰𐑥𐑟
GLEE,𐑜𐑤𐑰
GLOATED,𐑜𐑤𐑴𐑑𐑩𐑛
GLOATING,𐑜𐑤𐑴𐑑𐑦𐑙
GLOOM,𐑜𐑤𐑵𐑥
GLOW,𐑜𐑤𐑴
GLOWED,𐑜𐑤𐑴𐑛
GO,𐑜𐑴
GOAT,𐑜𐑴𐑑
GOLDEN,𐑜𐑴𐑤𐑛𐑩𐑯
GOOD,𐑜𐑫𐑛
GOOSE,𐑜𐑵𐑕
GRANITE,𐑜𐑮𐑨𐑯𐑦𐑑
GRAVE,𐑜𐑮𐑱𐑝
GRAVE,𐑜𐑮𐑭𐑝
GREAT,𐑜𐑮𐑱𐑑
GREEN,𐑜𐑮𐑰𐑯
GREW,𐑜𐑮𐑵
GRIEVE,𐑜𐑮𐑰𐑝
GRIM,𐑜𐑮𐑦𐑥
GROPE,𐑜𐑮𐑴𐑐
GROTESQUE,𐑜𐑮𐑴𐑑𐑧𐑕𐑒
GROUND,𐑜𐑮𐑬𐑯𐑛
GROUP,𐑜𐑮𐑵𐑐
GROWN,𐑜𐑮𐑴𐑯
GUESSING,𐑜𐑧𐑕𐑦𐑙
GUIDING,𐑜𐑲𐑛𐑦𐑙
H,𐑱𐑗
HA,𐑣𐑭
HABILIMENTS,𐑣𐑩𐑚𐑦𐑤𐑦𐑥𐑩𐑯𐑑𐑕
HAD,𐑣𐑨𐑛
HALE,𐑣𐑱𐑤
HALLS,𐑣𐑷𐑤𐑟
HAND,𐑣𐑨𐑯𐑛
HANDS,𐑣𐑨𐑯𐑛𐑟
HANG,𐑣𐑨𐑙
HANGS,𐑣𐑨𐑙𐑟
HAPPENED,𐑣𐑨𐑐𐑩𐑯𐑛
HAS,𐑣𐑨𐑟
HASTENED,𐑣𐑱𐑕𐑩𐑯𐑛
HATH,𐑣𐑨𐑔
HATING,𐑣𐑱𐑑𐑦𐑙
HAUNTED,𐑣𐑷𐑯𐑑𐑩𐑛
HAVE,𐑣𐑨𐑝
HAVING,𐑣𐑨𐑝𐑦𐑙
HE,𐑣𐑰
HEAD,𐑣𐑧𐑛
HEADS,𐑣𐑧𐑛𐑟
HEALTH,𐑣𐑧𐑤𐑔
HEARD,𐑣𐑻𐑛
HEAVEN,𐑣𐑧𐑝𐑩𐑯
HEEL,𐑣𐑰𐑤
HEELS,𐑣𐑰𐑤𐑟
HEIGHT,𐑣𐑲𐑑
HELD,𐑣𐑧𐑤𐑛
HELP,𐑣𐑧𐑤𐑐
HER,𐑣𐑻
HEROD,𐑣𐑧𐑮𐑩𐑛
HERODED,𐑣𐑧𐑮𐑩𐑛𐑩𐑛
HESITATED,𐑣𐑧𐑟𐑦𐑑𐑱𐑑𐑩𐑛
HESITATING,𐑣𐑧𐑟𐑦𐑑𐑱𐑑𐑦𐑙
HIGH,𐑣𐑲
HIM,𐑣𐑦𐑥
HIMSELF,𐑣𐑦𐑥𐑕𐑧𐑤𐑓
HIS,𐑣𐑦𐑟
HOLDING,𐑣𐑴𐑤𐑛𐑦𐑙
HOME,𐑣𐑴𐑥
HOPES,𐑣𐑴𐑐𐑕
HOUSE,𐑣𐑬𐑕
HOUSE,𐑣𐑬𐑟
HOW,𐑣𐑬
HUE,𐑣𐑿
HUGE,𐑣𐑿𐑡
HUMAN,𐑣𐑿𐑥𐑩𐑯
HUNDRED,𐑣𐑳𐑯𐑛𐑮𐑩𐑛
HUNG,𐑣𐑳𐑙
HUSHED,𐑣𐑳𐑖𐑑
I,𐑲
IF,𐑦𐑓
ILL,𐑦𐑤
ILLUMINED,𐑦𐑤𐑵𐑥𐑦𐑯𐑛
IMAGE,𐑦𐑥𐑦𐑡
IMBEDDED,𐑦𐑥𐑚𐑧𐑛𐑩𐑛
IMPATIENT,𐑦𐑥𐑐𐑱𐑖𐑩𐑯𐑑
IMPEDED,𐑦𐑥𐑐𐑰𐑛𐑩𐑛
IMPOSE,𐑦𐑥𐑐𐑴𐑟
IMPOSED,𐑦𐑥𐑐𐑴𐑟𐑛
IMPULSE,𐑦𐑥𐑐𐑳𐑤𐑕
IMPULSES,𐑦𐑥𐑐𐑳𐑤𐑕𐑩𐑟
IMPULSIVE,𐑦𐑥𐑐𐑳𐑤𐑕𐑦𐑝
IMPUNE,𐑦𐑥𐑐𐑿𐑯
IMPUNE,𐑦𐑥𐑐𐑵𐑯𐑱
INCIDENTS,𐑦𐑯𐑕𐑦𐑛𐑩𐑯𐑑𐑕
INCREASES,𐑦𐑙𐑒𐑮𐑰𐑕𐑩𐑟
INDEED,𐑦𐑯𐑛𐑰𐑛
INDICATION,𐑦𐑯𐑛𐑦𐑒𐑱𐑖𐑩𐑯
INDULGED,𐑦𐑯𐑛𐑳𐑤𐑡𐑛
INGRESS,𐑦𐑙𐑜𐑮𐑧𐑕
INMOST,𐑦𐑯𐑥𐑴𐑕𐑑
INSTANT,𐑦𐑯𐑕𐑑𐑩𐑯𐑑
INSTRUMENTS,𐑦𐑯𐑕𐑑𐑮𐑩𐑥𐑩𐑯𐑑𐑕
INSULT,𐑦𐑯𐑕𐑳𐑤𐑑
INTENTION,𐑦𐑯𐑑𐑧𐑯𐑖𐑩𐑯
INTO,𐑦𐑯𐑑𐑵
IS,𐑦𐑟
IT,𐑦𐑑
ITS,𐑦𐑑𐑕
ITSELF,𐑦𐑑𐑕𐑧𐑤𐑓
J,𐑡𐑱
JEST,𐑡𐑧𐑕𐑑
JESTS,𐑡𐑧𐑕𐑑𐑕
JINGLING,𐑡𐑦𐑙𐑜𐑩𐑤𐑦𐑙
JOKE,𐑡𐑴𐑒
JUST,𐑡𐑳𐑕𐑑
K,𐑒𐑱
KILL,𐑒𐑦𐑤
KIND,𐑒𐑲𐑯𐑛
KNEW,𐑯𐑿
KNIGHTS,𐑯𐑲𐑑𐑕
KNOW,𐑯𐑴
L,𐑧𐑤
LACESSIT,𐑤𐑩𐑒𐑧𐑕𐑦𐑑
LADEN,𐑤𐑱𐑛𐑩𐑯
LAID,𐑤𐑱𐑛
LAMP,𐑤𐑨𐑥𐑐
LAND,𐑤𐑨𐑯𐑛
LAPSE,𐑤𐑨𐑐𐑕
LATE,𐑤𐑱𐑑
LATTICE,𐑤𐑨𐑑𐑦𐑕
LAY,𐑤𐑱
LEANED,𐑤𐑰𐑯𐑛
LEAST,𐑤𐑰𐑕𐑑
LEAVE,𐑤𐑰𐑝
LED,𐑤𐑧𐑛
LEFT,𐑤𐑧𐑓𐑑
LENGTH,𐑤𐑧𐑙𐑔
LENT,𐑤𐑧𐑯𐑑
LESS,𐑤𐑧𐑕
LET,𐑤𐑧𐑑
LICENCE,𐑤𐑲𐑕𐑩𐑯𐑕
LIDS,𐑤𐑦𐑛𐑟
LIE,𐑤𐑲
LIES,𐑤𐑲𐑟
LIFE,𐑤𐑲𐑓
LIFTED,𐑤𐑦𐑓𐑑𐑩𐑛
LIGHT,𐑤𐑲𐑑
LIGHTED,𐑤𐑲𐑑𐑩𐑛
LIKE,𐑤𐑲𐑒
LIMBS,𐑤𐑦𐑥𐑟
LINED,𐑤𐑲𐑯𐑛
LINING,𐑤𐑲𐑯𐑦𐑙
LINKING,𐑤𐑦𐑙𐑒𐑦𐑙
LINKS,𐑤𐑦𐑙𐑒𐑕
LIPS,𐑤𐑦𐑐𐑕
LIVE,𐑤𐑦𐑝
LIVE,𐑤𐑲𐑝
LIVING,𐑤𐑦𐑝𐑦𐑙
LONE,𐑤𐑴𐑯
LOOK,𐑤𐑫𐑒
LOOKED,𐑤𐑫𐑒𐑑
LOOKING,𐑤𐑫𐑒𐑦𐑙
LOSING,𐑤𐑵𐑟𐑦𐑙
LOUD,𐑤𐑬𐑛
LOVE,𐑤𐑳𐑝
LOVED,𐑤𐑳𐑝𐑛
LOVING,𐑤𐑳𐑝𐑦𐑙
LOW,𐑤𐑴
LUNGS,𐑤𐑳𐑙𐑟
M,𐑧𐑥
MAD,𐑥𐑨𐑛
MADAM,𐑥𐑨𐑛𐑩𐑥
MADDENING,𐑥𐑨𐑛𐑩𐑯𐑦𐑙
MADE,𐑥𐑱𐑛
MADNESS,𐑥𐑨𐑛𐑯𐑩𐑕
MAGNIFICENCE,𐑥𐑨𐑜𐑯𐑦𐑓𐑦𐑕𐑩𐑯𐑕
MAGNIFICENT,𐑥𐑨𐑜𐑯𐑦𐑓𐑦𐑕𐑩𐑯𐑑
MAIDEN,𐑥𐑱𐑛𐑩𐑯
MAIN,𐑥𐑱𐑯
MAKE,𐑥𐑱𐑒
MAN,𐑥𐑨𐑯
MANIFOLD,𐑥𐑨𐑯𐑦𐑓𐑴𐑤𐑛
MASONS,𐑥𐑱𐑕𐑩𐑯𐑟
MASQUE,𐑥𐑨𐑕𐑒
MATCH,𐑥𐑨𐑗
ME,𐑥𐑰
ME,𐑥𐑱
MEANING,𐑥𐑰𐑯𐑦𐑙
MEANS,𐑥𐑰𐑯𐑟
MEANT,𐑥𐑧𐑯𐑑
MEDITATION,𐑥𐑧𐑛𐑦𐑑𐑱𐑖𐑩𐑯
MEDITATIONS,𐑥𐑧𐑛𐑦𐑑𐑱𐑖𐑩𐑯𐑟
MELTED,𐑥𐑧𐑤𐑑𐑩𐑛
MEN,𐑥𐑧𐑯
MET,𐑥𐑧𐑑
METHOUGHT,𐑥𐑦𐑔𐑷𐑑
MIEN,𐑥𐑰𐑯
MIGHT,𐑥𐑲𐑑
MIND,𐑥𐑲𐑯𐑛
MINUTE,𐑥𐑦𐑯𐑦𐑑
MINUTES,𐑥𐑦𐑯𐑦𐑑𐑕
MISSED,𐑥𐑦𐑕𐑑
MISTAKEN,𐑥𐑦𐑕𐑑𐑱𐑒𐑩𐑯
MOANING,𐑥𐑴𐑯𐑦𐑙
MOMENT,𐑥𐑴𐑥𐑩𐑯𐑑
MOMENTS,𐑥𐑴𐑥𐑩𐑯𐑑𐑕
MONTH,𐑥𐑳𐑯𐑔
MOST,𐑥𐑴𐑕𐑑
MOTIONLESS,𐑥𐑴𐑖𐑩𐑯𐑤𐑩𐑕
MOULD,𐑥𐑴𐑤𐑛
MOUND,𐑥𐑬𐑯𐑛
MOUTH,𐑥𐑬𐑔
MOUTH,𐑥𐑬𐑞
MOVED,𐑥𐑵𐑝𐑛
MOVEMENT,𐑥𐑵𐑝𐑥𐑩𐑯𐑑
MRS,𐑥𐑦𐑕𐑦𐑟
MUCH,𐑥𐑳𐑗
MUSIC,𐑥𐑿𐑟𐑦𐑒
MUSICIANS,𐑥𐑿𐑟𐑦𐑖𐑩𐑯𐑟
MUST,𐑥𐑳𐑕𐑑
MY,𐑥𐑲
MYSELF,𐑥𐑲𐑕𐑧𐑤𐑓
N,𐑧𐑯
NAME,𐑯𐑱𐑥
NAMELESS,𐑯𐑱𐑥𐑤𐑩𐑕
NAPPING,𐑯𐑨𐑐𐑦𐑙
NECK,𐑯𐑧𐑒
NEMO,𐑯𐑰𐑥𐑴
NEMO,𐑯𐑱𐑥𐑴
NERVOUSNESS,𐑯𐑻𐑝𐑩𐑕𐑯𐑩𐑕
NEW,𐑯𐑿
NEWS,𐑯𐑿𐑟
NEXT,𐑯𐑧𐑒𐑕𐑑
NIGHT,𐑯𐑲𐑑
NIGHT'S,𐑯𐑲𐑑𐑕
NINTH,𐑯𐑲𐑯𐑔
NO,𐑯𐑴
NOISE,𐑯𐑶𐑟
NONE,𐑯𐑳𐑯
NOOKS,𐑯𐑫𐑒𐑕
NOTE,𐑯𐑴𐑑
NOTHING,𐑯𐑳𐑔𐑦𐑙
NOW,𐑯𐑬
NURSE,𐑯𐑻𐑕
O,𐑴
OBEISANCE,𐑴𐑚𐑱𐑕𐑩𐑯𐑕
OH,𐑴
OLD,𐑴𐑤𐑛
ONCE,𐑢𐑳𐑯𐑕
OPEN,𐑴𐑐𐑩𐑯
OPENED,𐑴𐑐𐑩𐑯𐑛
OUT,𐑬𐑑
OUTREACHING,𐑬𐑑𐑮𐑰𐑗𐑦𐑙
OWN,𐑴𐑯
P,𐑐𐑰
PACE,𐑐𐑱𐑕
PACE,𐑐𐑭𐑗𐑱
PACES,𐑐𐑱𐑕𐑩𐑟
PAINS,𐑐𐑱𐑯𐑟
PAINTED,𐑐𐑱𐑯𐑑𐑩𐑛
PAINTING,𐑐𐑱𐑯𐑑𐑦𐑙
PAINTINGS,𐑐𐑱𐑯𐑑𐑦𐑙𐑟
PALACES,𐑐𐑨𐑤𐑦𐑕𐑩𐑟
PALE,𐑐𐑱𐑤
PALLAS,𐑐𐑨𐑤𐑩𐑕
PALLET,𐑐𐑨𐑤𐑦𐑑
PALLID,𐑐𐑨𐑤𐑦𐑛
PALM,𐑐𐑭𐑥
PANES,𐑐𐑱𐑯𐑟
PAUSE,𐑐𐑷𐑟
PAUSED,𐑐𐑷𐑟𐑛
PAY,𐑐𐑱
PEAL,𐑐𐑰𐑤
PERCHED,𐑐𐑻𐑗𐑑
PERMIT,𐑐𐑻𐑥𐑦𐑑
PERMIT,𐑐𐑼𐑥𐑦𐑑
PERSON,𐑐𐑻𐑕𐑩𐑯
PEST,𐑐𐑧𐑕𐑑
PESTILENCE,𐑐𐑧𐑕𐑑𐑦𐑤𐑩𐑯𐑕
PILE,𐑐𐑲𐑤
PILED,𐑐𐑲𐑤𐑛
PILES,𐑐𐑲𐑤𐑟
PILLOW,𐑐𐑦𐑤𐑴
PINED,𐑐𐑲𐑯𐑛
PIPE,𐑐𐑲𐑐
PLACED,𐑐𐑤𐑱𐑕𐑑
PLACID,𐑐𐑤𐑨𐑕𐑦𐑛
PLANS,𐑐𐑤𐑨𐑯𐑟
PLEASED,𐑐𐑤𐑰𐑟𐑛
PLUME,𐑐𐑤𐑵𐑥
POE,𐑐𐑴
POINT,𐑐𐑶𐑯𐑑
POINTS,𐑐𐑶𐑯𐑑𐑕
POSITION,𐑐𐑩𐑟𐑦𐑖𐑩𐑯
POSSESSED,𐑐𐑩𐑟𐑧𐑕𐑑
POSTS,𐑐𐑴𐑕𐑑𐑕
PRACTICE,𐑐𐑮𐑨𐑒𐑑𐑦𐑕
PRACTISE,𐑐𐑮𐑨𐑒𐑑𐑦𐑕
PRECINCTS,𐑐𐑮𐑰𐑕𐑦𐑙𐑒𐑑𐑕
PRECIOUS,𐑐𐑮𐑧𐑖𐑩𐑕
PRECLUDED,𐑐𐑮𐑦𐑒𐑤𐑵𐑛𐑩𐑛
PRESENCE,𐑐𐑮𐑧𐑟𐑩𐑯𐑕
PRESENTING,𐑐𐑮𐑦𐑟𐑧𐑯𐑑𐑦𐑙
PRESS,𐑐𐑮𐑧𐑕
PREVAILING,𐑐𐑮𐑦𐑝𐑱𐑤𐑦𐑙
PREVENTED,𐑐𐑮𐑦𐑝𐑧𐑯𐑑𐑩𐑛
PRIDED,𐑐𐑮𐑲𐑛𐑩𐑛
PRINCE,𐑐𐑮𐑦𐑯𐑕
PRINCE'S,𐑐𐑮𐑦𐑯𐑕𐑦𐑟
PROFUSE,𐑐𐑮𐑩𐑓𐑿𐑟
PROFUSE,𐑐𐑮𐑩𐑓𐑿𐑕
PROFUSION,𐑐𐑮𐑩𐑓𐑿𐑠𐑩𐑯
PROGRESS,𐑐𐑮𐑩𐑜𐑮𐑧𐑕
PROJECTED,𐑐𐑮𐑩𐑡𐑧𐑒𐑑𐑩𐑛
PROOF,𐑐𐑮𐑵𐑓
PROVIDED,𐑐𐑮𐑩𐑝𐑲𐑛𐑩𐑛
PROVISIONED,𐑐𐑮𐑩𐑝𐑦𐑠𐑩𐑯𐑛
PRY,𐑐𐑮𐑲
PUNCHEONS,𐑐𐑳𐑯𐑗𐑩𐑯𐑟
PUNISH,𐑐𐑳𐑯𐑦𐑖
PUT,𐑐𐑫𐑑
PUTTING,𐑐𐑫𐑑𐑦𐑙
PUTTING,𐑐𐑳𐑑𐑦𐑙
Q,𐑒𐑿
QUACK,𐑒𐑢𐑨𐑒
QUAINT,𐑒𐑢𐑱𐑯𐑑
QUESTION,𐑒𐑢𐑧𐑕𐑗𐑩𐑯
QUIETED,𐑒𐑢𐑲𐑩𐑑𐑩𐑛
QUIT,𐑒𐑢𐑦𐑑
RAGE,𐑮𐑱𐑡
RAGED,𐑮𐑱𐑡𐑛
RAISED,𐑮𐑱𐑟𐑛
RAMPANT,𐑮𐑨𐑥𐑐𐑩𐑯𐑑
RAN,𐑮𐑨𐑯
RANG,𐑮𐑨𐑙
RANGE,𐑮𐑱𐑯𐑡
RAPID,𐑮𐑨𐑐𐑦𐑛
RAPPING,𐑮𐑨𐑐𐑦𐑙
RAVEN,𐑮𐑱𐑝𐑩𐑯
RAYS,𐑮𐑱𐑟
RE,𐑮𐑰
RE,𐑮𐑱
REACHED,𐑮𐑰𐑗𐑑
REACHES,𐑮𐑰𐑗𐑩𐑟
READ,𐑮𐑧𐑛
READ,𐑮𐑰𐑛
REAPPROACHED,𐑮𐑰𐑩𐑐𐑮𐑴𐑗𐑑
REASON,𐑮𐑰𐑟𐑩𐑯
RECEIVED,𐑮𐑦𐑕𐑰𐑝𐑛
RECESS,𐑮𐑦𐑕𐑧𐑕
RECKLESS,𐑮𐑧𐑒𐑤𐑩𐑕
RECLINING,𐑮𐑦𐑒𐑤𐑲𐑯𐑦𐑙
RECOGNIZING,𐑮𐑧𐑒𐑩𐑜𐑯𐑲𐑟𐑦𐑙
RED,𐑮𐑧𐑛
REDDENED,𐑮𐑧𐑛𐑩𐑯𐑛
REDNESS,𐑮𐑧𐑛𐑯𐑩𐑕
REMAINED,𐑮𐑦𐑥𐑱𐑯𐑛
REMAINING,𐑮𐑦𐑥𐑱𐑯𐑦𐑙
REMAINS,𐑮𐑦𐑥𐑱𐑯𐑟
REMOTE,𐑮𐑦𐑥𐑴𐑑
RENOWN,𐑮𐑦𐑯𐑬𐑯
REPEATED,𐑮𐑦𐑐𐑰𐑑𐑩𐑛
REPEATING,𐑮𐑦𐑐𐑰𐑑𐑦𐑙
REPLACING,𐑮𐑦𐑐𐑤𐑱𐑕𐑦𐑙
REPLIED,𐑮𐑦𐑐𐑤𐑲𐑛
REPLY,𐑮𐑦𐑐𐑤𐑲
REQUESTING,𐑮𐑦𐑒𐑢𐑧𐑕𐑑𐑦𐑙
REQUIESCAT,𐑮𐑧𐑒𐑢𐑰𐑧𐑕𐑒𐑨𐑑
RESEMBLANCE,𐑮𐑦𐑟𐑧𐑥𐑚𐑤𐑩𐑯𐑕
RESIGN,𐑮𐑦𐑟𐑲𐑯
RESIGN,𐑮𐑰𐑕𐑲𐑯
RESIST,𐑮𐑦𐑟𐑦𐑕𐑑
RESPECT,𐑮𐑦𐑕𐑐𐑧𐑒𐑑
RESPECTED,𐑮𐑦𐑕𐑐𐑧𐑒𐑑𐑩𐑛
REST,𐑮𐑧𐑕𐑑
RETRIBUTION,𐑮𐑧𐑑𐑮𐑦𐑚𐑿𐑖𐑩𐑯
RETURN,𐑮𐑦𐑑𐑻𐑯
RHEUM,𐑮𐑵𐑥
RICH,𐑮𐑦𐑗
RIGHT,𐑮𐑲𐑑
RIPENING,𐑮𐑲𐑐𐑩𐑯𐑦𐑙
RISK,𐑮𐑦𐑕𐑒
RIVETED,𐑮𐑦𐑝𐑦𐑑𐑩𐑛
ROBUST,𐑮𐑴𐑚𐑳𐑕𐑑
ROLE,𐑮𐑴𐑤
ROOF,𐑮𐑵𐑓
ROOM,𐑮𐑵𐑥
ROOMS,𐑮𐑵𐑥𐑟
ROW,𐑮𐑴
ROW,𐑮𐑬
RUDENESS,𐑮𐑵𐑛𐑯𐑩𐑕
RUSHED,𐑮𐑳𐑖𐑑
RUSHING,𐑮𐑳𐑖𐑦𐑙
S,𐑧𐑕
SAD,𐑕𐑨𐑛
SAGACIOUS,𐑕𐑩𐑜𐑱𐑖𐑩𐑕
SAID,𐑕𐑧𐑛
SAINTED,𐑕𐑱𐑯𐑑𐑩𐑛
SAME,𐑕𐑱𐑥
SAT,𐑕𐑨𐑑
SATE,𐑕𐑱𐑑
SATISFACTION,𐑕𐑨𐑑𐑦𐑕𐑓𐑨𐑒𐑖𐑩𐑯
SATISFIED,𐑕𐑨𐑑𐑦𐑕𐑓𐑲𐑛
SATISFY,𐑕𐑨𐑑𐑦𐑕𐑓𐑲
SAVE,𐑕𐑱𐑝
SAW,𐑕𐑷
SCENE,𐑕𐑰𐑯
SCREAMS,𐑕𐑒𐑮𐑰𐑥𐑟
SEAL,𐑕𐑰𐑤
SEARCH,𐑕𐑻𐑗
SEASON,𐑕𐑰𐑟𐑩𐑯
SEAT,𐑕𐑰𐑑
SECLUSION,𐑕𐑦𐑒𐑤𐑵𐑠𐑩𐑯
SECOND,𐑕𐑧𐑒𐑩𐑯𐑛
SECONDS,𐑕𐑧𐑒𐑩𐑯𐑛𐑟
SECRET,𐑕𐑰𐑒𐑮𐑦𐑑
SEDATE,𐑕𐑦𐑛𐑱𐑑
SEE,𐑕𐑰
SEEING,𐑕𐑰𐑦𐑙
SEEM,𐑕𐑰𐑥
SEEMED,𐑕𐑰𐑥𐑛
SEEMING,𐑕𐑰𐑥𐑦𐑙
SEEN,𐑕𐑰𐑯
SEIZE,𐑕𐑰𐑟
SEIZED,𐑕𐑰𐑟𐑛
SEIZING,𐑕𐑰𐑟𐑦𐑙
SENSATION,𐑕𐑧𐑯𐑕𐑱𐑖𐑩𐑯
SENSES,𐑕𐑧𐑯𐑕𐑩𐑟
SENT,𐑕𐑧𐑯𐑑
SERAPHIM,𐑕𐑧𐑮𐑩𐑓𐑦𐑥
SERPENT,𐑕𐑻𐑐𐑩𐑯𐑑
SET,𐑕𐑧𐑑
SEVEN,𐑕𐑧𐑝𐑩𐑯
SEVENTH,𐑕𐑧𐑝𐑩𐑯𐑔
SHADE,𐑖𐑱𐑛
SHADOW,𐑖𐑨𐑛𐑴
SHADOWS,𐑖𐑨𐑛𐑴𐑟
SHAKEN,𐑖𐑱𐑒𐑩𐑯
SHALL,𐑖𐑨𐑤
SHAME,𐑖𐑱𐑥
SHAVEN,𐑖𐑱𐑝𐑩𐑯
SHE,𐑖𐑰
SHOULD,𐑖𐑫𐑛
SHRANK,𐑖𐑮𐑨𐑙𐑒
SHRIEKED,𐑖𐑮𐑰𐑒𐑑
SHRILL,𐑖𐑮𐑦𐑤
SHROUDED,𐑖𐑮𐑬𐑛𐑩𐑛
SHUT,𐑖𐑳𐑑
SHUTTING,𐑖𐑳𐑑𐑦𐑙
SICK,𐑕𐑦𐑒
SIDE,𐑕𐑲𐑛
SIDES,𐑕𐑲𐑛𐑟
SIGN,𐑕𐑲𐑯
SILENCE,𐑕𐑲𐑤𐑩𐑯𐑕
SILENT,𐑕𐑲𐑤𐑩𐑯𐑑
SILK,𐑕𐑦𐑤𐑒
SILKEN,𐑕𐑦𐑤𐑒𐑩𐑯
SINCE,𐑕𐑦𐑯𐑕
SINKING,𐑕𐑦𐑙𐑒𐑦𐑙
SIR,𐑕𐑻
SITTING,𐑕𐑦𐑑𐑦𐑙
SIX,𐑕𐑦𐑒𐑕
SIXTH,𐑕𐑦𐑒𐑕𐑔
SIZE,𐑕𐑲𐑟
SLEEP,𐑕𐑤𐑰𐑐
SLIDE,𐑕𐑤𐑲𐑛
SLIGHT,𐑕𐑤𐑲𐑑
SLOW,𐑕𐑤𐑴
SMALL,𐑕𐑥𐑷𐑤
SMALLEST,𐑕𐑥𐑷𐑤𐑩𐑕𐑑
SMILE,𐑕𐑥𐑲𐑤
SMILED,𐑕𐑥𐑲𐑤𐑛
SMILES,𐑕𐑥𐑲𐑤𐑟
SMILING,𐑕𐑥𐑲𐑤𐑦𐑙
SO,𐑕𐑴
SOME,𐑕𐑳𐑥
SOMETHING,𐑕𐑳𐑥𐑔𐑦𐑙
SOON,𐑕𐑵𐑯
SOOTH,𐑕𐑵𐑔
SOUGHT,𐑕𐑷𐑑
SOUL,𐑕𐑴𐑤
SOUND,𐑕𐑬𐑯𐑛
SOUNDED,𐑕𐑬𐑯𐑛𐑩𐑛
SOUNDING,𐑕𐑬𐑯𐑛𐑦𐑙
SPACIOUS,𐑕𐑐𐑱𐑖𐑩𐑕
SPEAK,𐑕𐑐𐑰𐑒
SPEAKING,𐑕𐑐𐑰𐑒𐑦𐑙
SPELL,𐑕𐑐𐑧𐑤
SPIRIT,𐑕𐑐𐑦𐑮𐑦𐑑
SPIRITED,𐑕𐑐𐑦𐑮𐑦𐑑𐑩𐑛
SPIRITS,𐑕𐑐𐑦𐑮𐑦𐑑𐑕
SPITE,𐑕𐑐𐑲𐑑
SPOKE,𐑕𐑐𐑴𐑒
SPOKEN,𐑕𐑐𐑴𐑒𐑩𐑯
SPREAD,𐑕𐑐𐑮𐑧𐑛
STAINED,𐑕𐑑𐑱𐑯𐑛
STAINS,𐑕𐑑𐑱𐑯𐑟
STALKED,𐑕𐑑𐑷𐑒𐑑
STAND,𐑕𐑑𐑨𐑯𐑛
STANDS,𐑕𐑑𐑨𐑯𐑛𐑟
STAYED,𐑕𐑑𐑱𐑛
STEALING,𐑕𐑑𐑰𐑤𐑦𐑙
STEP,𐑕𐑑𐑧𐑐
STEPPED,𐑕𐑑𐑧𐑐𐑑
STEPS,𐑕𐑑𐑧𐑐𐑕
STERN,𐑕𐑑𐑻𐑯
STIFF,𐑕𐑑𐑦𐑓
STIFFENED,𐑕𐑑𐑦𐑓𐑩𐑯𐑛
STILL,𐑕𐑑𐑦𐑤
STILLNESS,𐑕𐑑𐑦𐑤𐑯𐑩𐑕
STIR,𐑕𐑑𐑻
STONE,𐑕𐑑𐑴𐑯
STOOD,𐑕𐑑𐑫𐑛
STRAIGHT,𐑕𐑑𐑮𐑱𐑑
STREAM,𐑕𐑑𐑮𐑰𐑥
STREAMED,𐑕𐑑𐑮𐑰𐑥𐑛
STREAMING,𐑕𐑑𐑮𐑰𐑥𐑦𐑙
STRENGTH,𐑕𐑑𐑮𐑧𐑙𐑔
STRICKEN,𐑕𐑑𐑮𐑦𐑒𐑩𐑯
STRIKES,𐑕𐑑𐑮𐑲𐑒𐑕
STRIPED,𐑕𐑑𐑮𐑲𐑐𐑑
STRODE,𐑕𐑑𐑮𐑴𐑛
STROKES,𐑕𐑑𐑮𐑴𐑒𐑕
STRUT,𐑕𐑑𐑮𐑳𐑑
STYLE,𐑕𐑑𐑲𐑤
SUBSIDED,𐑕𐑳𐑚𐑕𐑲𐑛𐑩𐑛
SUCCEEDED,𐑕𐑩𐑒𐑕𐑰𐑛𐑩𐑛
SUCCESSION,𐑕𐑩𐑒𐑕𐑧𐑖𐑩𐑯
SUCH,𐑕𐑳𐑗
SUDDEN,𐑕𐑳𐑛𐑩𐑯
SUFFICIENT,𐑕𐑩𐑓𐑦𐑖𐑩𐑯𐑑
SUIT,𐑕𐑵𐑑
SUITE,𐑕𐑢𐑰𐑑
SUITES,𐑕𐑢𐑰𐑑𐑕
SUMMONED,𐑕𐑳𐑥𐑩𐑯𐑛
SUMMONING,𐑕𐑳𐑥𐑩𐑯𐑦𐑙
SUNK,𐑕𐑳𐑙𐑒
SUPPOSE,𐑕𐑩𐑐𐑴𐑟
SUPPOSED,𐑕𐑩𐑐𐑴𐑟𐑛
SUPREME,𐑕𐑵𐑐𐑮𐑰𐑥
SURCEASE,𐑕𐑻𐑕𐑰𐑕
SURFACE,𐑕𐑻𐑓𐑦𐑕
SURFACES,𐑕𐑻𐑓𐑦𐑕𐑩𐑟
SURPRISE,𐑕𐑩𐑐𐑮𐑲𐑟
SURPRISE,𐑕𐑼𐑐𐑮𐑲𐑟
SUSTAIN,𐑕𐑩𐑕𐑑𐑱𐑯
SWELLS,𐑕𐑢𐑧𐑤𐑟
SWUNG,𐑕𐑢𐑳𐑙
T,𐑑𐑰
TAKE,𐑑𐑱𐑒
TAKING,𐑑𐑱𐑒𐑦𐑙
TALL,𐑑𐑷𐑤
TAPPING,𐑑𐑨𐑐𐑦𐑙
TASTE,𐑑𐑱𐑕𐑑
TASTES,𐑑𐑱𐑕𐑑𐑕
TELL,𐑑𐑧𐑤
TEMPEST,𐑑𐑧𐑥𐑐𐑩𐑕𐑑
TENTH,𐑑𐑧𐑯𐑔
TERMED,𐑑𐑻𐑥𐑛
THAN,𐑞𐑨𐑯
THAT,𐑞𐑨𐑑
THE,𐑞𐑰
THE,𐑞𐑩
THEE,𐑞𐑰
THEM,𐑞𐑧𐑥
THEMSELVES,𐑞𐑧𐑥𐑕𐑧𐑤𐑝𐑟
THEN,𐑞𐑧𐑯
THENCE,𐑞𐑧𐑯𐑕
THESE,𐑞𐑰𐑟
THEY,𐑞𐑱
THIEF,𐑔𐑰𐑓
THING,𐑔𐑦𐑙
THINGS,𐑔𐑦𐑙𐑟
THINK,𐑔𐑦𐑙𐑒
THINKING,𐑔𐑦𐑙𐑒𐑦𐑙
THIRD,𐑔𐑻𐑛
THIS,𐑞𐑦𐑕
THOSE,𐑞𐑴𐑟
THOU,𐑞𐑬
THOU,𐑔𐑬
THOU,𐑞𐑴
THOUGH,𐑞𐑴
THOUGHT,𐑔𐑷𐑑
THOUSAND,𐑔𐑬𐑟𐑩𐑯𐑛
THREAT,𐑔𐑮𐑧𐑑
THREE,𐑔𐑮𐑰
THREW,𐑔𐑮𐑵
THRILLED,𐑔𐑮𐑦𐑤𐑛
THROAT,𐑔𐑮𐑴𐑑
THROUGH,𐑔𐑮𐑵
THROUGHOUT,𐑔𐑮𐑵𐑬𐑑
THROW,𐑔𐑮𐑴
THROWING,𐑔𐑮𐑴𐑦𐑙
THROWN,𐑔𐑮𐑴𐑯
THROWS,𐑔𐑮𐑴𐑟
THRUST,𐑔𐑮𐑳𐑕𐑑
THUS,𐑞𐑳𐑕
THY,𐑞𐑲
TIGHT,𐑑𐑲𐑑
TILL,𐑑𐑦𐑤
TIME,𐑑𐑲𐑥
TINT,𐑑𐑦𐑯𐑑
TINTED,𐑑𐑦𐑯𐑑𐑩𐑛
TINTS,𐑑𐑦𐑯𐑑𐑕
TIS,𐑑𐑦𐑟
TO,𐑑𐑵
TOKEN,𐑑𐑴𐑒𐑩𐑯
TOLD,𐑑𐑴𐑤𐑛
TONGUES,𐑑𐑳𐑙𐑟
TOO,𐑑𐑵
TOOK,𐑑𐑫𐑒
TOOL,𐑑𐑵𐑤
TOUCH,𐑑𐑳𐑗
TOUCHED,𐑑𐑳𐑗𐑑
TRAP,𐑑𐑮𐑨𐑐
TREMULOUS,𐑑𐑮𐑧𐑥𐑘𐑫𐑤𐑩𐑕
TREMULOUSNESS,𐑑𐑮𐑧𐑥𐑘𐑫𐑤𐑩𐑕𐑯𐑩𐑕
TRUE,𐑑𐑮𐑵
TRUTH,𐑑𐑮𐑵𐑔
TUFTED,𐑑𐑳𐑓𐑑𐑩𐑛
TURN,𐑑𐑻𐑯
TURNED,𐑑𐑻𐑯𐑛
TURNING,𐑑𐑻𐑯𐑦𐑙
TWELVE,𐑑𐑢𐑧𐑤𐑝
TWO,𐑑𐑵
TYPE,𐑑𐑲𐑐
U,𐑿
UGH,𐑳𐑜
UNBROKEN,𐑳𐑯𐑚𐑮𐑴𐑒𐑩𐑯
UNCERTAIN,𐑳𐑯𐑕𐑻𐑑𐑩𐑯
UNDAUNTED,𐑳𐑯𐑛𐑷𐑯𐑑𐑩𐑛
UNLIMITED,𐑳𐑯𐑤𐑦𐑥𐑦𐑑𐑩𐑛
UNNOTICED,𐑳𐑯𐑯𐑴𐑑𐑦𐑕𐑑
UNSEEN,𐑳𐑯𐑕𐑰𐑯
UNSHEATHING,𐑳𐑯𐑖𐑰𐑞𐑦𐑙
UNSUITED,𐑳𐑯𐑕𐑵𐑑𐑩𐑛
UNTENANTED,𐑳𐑯𐑑𐑧𐑯𐑩𐑯𐑑𐑩𐑛
UNTIL,𐑳𐑯𐑑𐑦𐑤
UNTO,𐑳𐑯𐑑𐑵
UNUSUAL,𐑳𐑯𐑿𐑠𐑵𐑩𐑤
UP,𐑳𐑐
UPLIFTING,𐑳𐑐𐑤𐑦𐑓𐑑𐑦𐑙
US,𐑳𐑕
USE,𐑿𐑕
USE,𐑿𐑟
V,𐑝𐑰
VAGUE,𐑝𐑱𐑜
VAIN,𐑝𐑱𐑯
VELVET,𐑝𐑧𐑤𐑝𐑦𐑑
VIBRATIONS,𐑝𐑲𐑚𐑮𐑱𐑖𐑩𐑯𐑟
VICTIM,𐑝𐑦𐑒𐑑𐑦𐑥
VIEW,𐑝𐑿
VIGNETTE,𐑝𐑦𐑯𐑘𐑧𐑑
VIGNETTING,𐑝𐑦𐑯𐑘𐑧𐑑𐑦𐑙
VINTAGES,𐑝𐑦𐑯𐑑𐑦𐑡𐑩𐑟
VIOLENT,𐑝𐑲𐑩𐑤𐑩𐑯𐑑
VIOLET,𐑝𐑲𐑩𐑤𐑦𐑑
VISAGE,𐑝𐑦𐑟𐑦𐑡
VISION,𐑝𐑦𐑠𐑩𐑯
VISTA,𐑝𐑦𐑕𐑑𐑩
VIVID,𐑝𐑦𐑝𐑦𐑛
VOICE,𐑝𐑶𐑕
VOLUPTUOUS,𐑝𐑩𐑤𐑳𐑐𐑗𐑵𐑩𐑕
VOWED,𐑝𐑬𐑛
VOWS,𐑝𐑬𐑟
WAIST,𐑢𐑱𐑕𐑑
WAKING,𐑢𐑱𐑒𐑦𐑙
WALL,𐑢𐑷𐑤
WALLS,𐑢𐑷𐑤𐑟
WANING,𐑢𐑱𐑯𐑦𐑙
WAVING,𐑢𐑱𐑝𐑦𐑙
WE,𐑢𐑰
WEAK,𐑢𐑰𐑒
WEB,𐑢𐑧𐑚
WEDDED,𐑢𐑧𐑛𐑩𐑛
WEEKS,𐑢𐑰𐑒𐑕
WEIGHT,𐑢𐑱𐑑
WELDED,𐑢𐑧𐑤𐑛𐑩𐑛
WELL,𐑢𐑧𐑤
WENT,𐑢𐑧𐑯𐑑
WHEELED,𐑢𐑰𐑤𐑛
WHEN,𐑢𐑧𐑯
WHICH,𐑢𐑦𐑗
WHILE,𐑢𐑲𐑤
WHITE,𐑢𐑲𐑑
WHO,𐑣𐑵
WHOLE,𐑣𐑴𐑤
WHOM,𐑣𐑵𐑥
WHOSE,𐑣𐑵𐑟
WHY,𐑢𐑲
WIDE,𐑢𐑲𐑛
WIDTH,𐑢𐑦𐑑𐑔
WIFE,𐑢𐑲𐑓
WILD,𐑢𐑲𐑤𐑛
WIND,𐑢𐑦𐑯𐑛
WIND,𐑢𐑲𐑯𐑛
WINDING,𐑢𐑲𐑯𐑛𐑦𐑙
WINDINGS,𐑢𐑲𐑯𐑛𐑦𐑙𐑟
WINDOW,𐑢𐑦𐑯𐑛𐑴
WINDOWS,𐑢𐑦𐑯𐑛𐑴𐑟
WINE,𐑢𐑲𐑯
WINES,𐑢𐑲𐑯𐑟
WISHED,𐑢𐑦𐑖𐑑
WIT,𐑢𐑦𐑑
WITH,𐑢𐑦𐑔
WITHDRAWING,𐑢𐑦𐑔𐑛𐑮𐑷𐑦𐑙
WITHIN,𐑢𐑦𐑞𐑦𐑯
WITHOUT,𐑢𐑦𐑞𐑬𐑑
WOMANHOOD,𐑢𐑫𐑥𐑩𐑯𐑣𐑫𐑛
WORD,𐑢𐑻𐑛
WORDS,𐑢𐑻𐑛𐑟
WORK,𐑢𐑻𐑒
WORLD,𐑢𐑻𐑤𐑛
WOULD,𐑢𐑫𐑛
WOUNDED,𐑢𐑵𐑯𐑛𐑩𐑛
WRETCH,𐑮𐑧𐑗
WRITHE,𐑮𐑲𐑞
WRITHED,𐑮𐑲𐑞𐑛
WROUGHT,𐑮𐑷𐑑
X,𐑧𐑒𐑕
Y,𐑢𐑲
YELLS,𐑘𐑧𐑤𐑟
YES,𐑘𐑧𐑕
YET,𐑘𐑧𐑑
YOU,𐑿
ABBEY,𐑨𐑚𐑦
ABBEYS,𐑨𐑚𐑦𐑟
ABSCONDED,𐑨𐑚𐑕𐑒𐑪𐑯𐑛𐑩𐑛
ACCORDANCE,𐑩𐑒𐑹𐑛𐑩𐑯𐑕
ACCOSTED,𐑩𐑒𐑪𐑕𐑑𐑩𐑛
ADMIRED,𐑩𐑛𐑥𐑲𐑼𐑛
ADOPTED,𐑩𐑛𐑪𐑐𐑑𐑩𐑛
ADORE,𐑩𐑛𐑹
AFTER,𐑨𐑓𐑑𐑼
AFTERWARDS,𐑨𐑓𐑑𐑼𐑢𐑼𐑛𐑟
AGHAST,𐑩𐑜𐑨𐑕𐑑
AIR,𐑺
ALARMING,𐑩𐑤𐑸𐑥𐑦𐑙
ALOFT,𐑩𐑤𐑪𐑓𐑑
ALREADY,𐑷𐑤𐑮𐑧𐑛𐑦
ALTOGETHER,𐑷𐑤𐑑𐑩𐑜𐑧𐑞𐑼
AMONTILLADO,𐑨𐑥𐑪𐑯𐑑𐑦𐑤𐑭𐑛𐑴
AMPLY,𐑨𐑥𐑐𐑤𐑦
ANGELS,𐑱𐑯𐑡𐑩𐑤𐑟
ANON,𐑩𐑯𐑪𐑯
ANOTHER,𐑩𐑯𐑳𐑞𐑼
ANSWER,𐑨𐑯𐑕𐑼
ANSWERED,𐑨𐑯𐑕𐑼𐑛
ANY,𐑧𐑯𐑦
APARTMENT,𐑩𐑐𐑸𐑑𐑥𐑩𐑯𐑑
APARTMENTS,𐑩𐑐𐑸𐑑𐑥𐑩𐑯𐑑𐑕
APERTURE,𐑨𐑐𐑼𐑗𐑼
APPARENT,𐑩𐑐𐑨𐑮𐑩𐑯𐑑
APPEARANCE,𐑩𐑐𐑽𐑩𐑯𐑕
APPEARANCES,𐑩𐑐𐑽𐑩𐑯𐑕𐑩𐑟
APPEARED,𐑩𐑐𐑽𐑛
APTLY,𐑨𐑐𐑑𐑤𐑦
ARABESQUE,𐑨𐑮𐑩𐑚𐑧𐑕𐑒
ARCHES,𐑸𐑗𐑩𐑟
ARCHITECTURE,𐑸𐑒𐑦𐑑𐑧𐑒𐑗𐑼
ARDOR,𐑸𐑛𐑼
ARE,𐑸
ARIGHT,𐑼𐑲𐑑
ARM,𐑸𐑥
ARMORIAL,𐑸𐑥𐑹𐑾𐑤
ARMS,𐑸𐑥𐑟
AROSE,𐑼𐑴𐑟
AROUND,𐑼𐑬𐑯𐑛
ARREST,𐑼𐑧𐑕𐑑
ARRESTED,𐑼𐑧𐑕𐑑𐑩𐑛
ARRIVED,𐑼𐑲𐑝𐑛
ART,𐑸𐑑
ASHORE,𐑩𐑖𐑹
ASKED,𐑨𐑕𐑒𐑑
ASSEMBLY,𐑩𐑕𐑧𐑥𐑚𐑤𐑦
ASTONISHMENT,𐑩𐑕𐑑𐑪𐑯𐑦𐑖𐑥𐑩𐑯𐑑
AUSTERE,𐑷𐑕𐑑𐑽
AUSTRIAN,𐑪𐑕𐑑𐑮𐑾𐑯
AVATAR,𐑨𐑝𐑩𐑑𐑸
AVENGER,𐑩𐑝𐑧𐑯𐑡𐑼
AWARE,𐑩𐑢𐑺
AZURE,𐑨𐑠𐑼
BARBARIC,𐑚𐑸𐑚𐑨𐑮𐑦𐑒
BARGAIN,𐑚𐑸𐑜𐑦𐑯
BATH,𐑚𐑨𐑔
BATTLEMENTS,𐑚𐑨𐑑𐑩𐑤𐑥𐑩𐑯𐑑𐑕
BEARING,𐑚𐑺𐑦𐑙
BEAUTIFUL,𐑚𐑿𐑑𐑦𐑓𐑩𐑤
BEAUTY,𐑚𐑿𐑑𐑦
BECAUSE,𐑚𐑦𐑒𐑪𐑟
BEEN,𐑚𐑰𐑯
BEFORE,𐑚𐑦𐑓𐑹
BESPRINKLED,𐑚𐑦𐑕𐑐𐑮𐑦𐑙𐑒𐑩𐑤𐑛
BEST,𐑚𐑧𐑕𐑑
BEWILDERED,𐑚𐑦𐑢𐑦𐑤𐑛𐑼𐑛
BEYOND,𐑚𐑦𐑘𐑪𐑯𐑛
BIZARRE,𐑚𐑦𐑟𐑸
BLASPHEMOUS,𐑚𐑤𐑨𐑕𐑓𐑩𐑥𐑩𐑕
BODY,𐑚𐑪𐑛𐑦
BORE,𐑚𐑹
BORNE,𐑚𐑹𐑯
BORROW,𐑚𐑹𐑴
BOTTLE,𐑚𐑪𐑑𐑩𐑤
BRAZIER,𐑚𐑮𐑱𐑟𐑽
BROTHERHOOD,𐑚𐑮𐑳𐑞𐑼𐑣𐑫𐑛
BURIED,𐑚𐑧𐑮𐑦𐑛
BUSIED,𐑚𐑦𐑟𐑦𐑛
CANDLE,𐑒𐑨𐑯𐑛𐑩𐑤
CANDLES,𐑒𐑨𐑯𐑛𐑩𐑤𐑟
CARE,𐑒𐑺
CARNIVAL,𐑒𐑸𐑯𐑦𐑝𐑩𐑤
CARPET,𐑒𐑸𐑐𐑦𐑑
CASK,𐑒𐑨𐑕𐑒
CASKS,𐑒𐑨𐑕𐑒𐑕
CASTELLATED,𐑒𐑨𐑕𐑦𐑤𐑱𐑑𐑩𐑛
CAVERN,𐑒𐑨𐑝𐑼𐑯
CENSER,𐑕𐑧𐑯𐑕𐑼
CENTRES,𐑕𐑧𐑯𐑑𐑼𐑟
CENTURY,𐑕𐑧𐑯𐑗𐑼𐑦
CHAMBER,𐑗𐑱𐑥𐑚𐑼
CHAMBERS,𐑗𐑱𐑥𐑚𐑼𐑟
CHARACTER,𐑒𐑨𐑮𐑦𐑒𐑑𐑼
CHORDS,𐑒𐑹𐑛𐑟
CLAMOURED,𐑒𐑤𐑨𐑥𐑼𐑛
CLAMOURER,𐑒𐑤𐑨𐑥𐑼𐑼
CLASP,𐑒𐑤𐑨𐑕𐑐
CLEAR,𐑒𐑤𐑽
CLEARLY,𐑒𐑤𐑽𐑤𐑦
CLOCK,𐑒𐑤𐑪𐑒
CLOSELY,𐑒𐑤𐑴𐑕𐑤𐑦
CLOSER,𐑒𐑤𐑴𐑕𐑼
CLOSER,𐑒𐑤𐑴𐑟𐑼
CLOTH,𐑒𐑤𐑪𐑔
COLOSSAL,𐑒𐑩𐑤𐑪𐑕𐑩𐑤
COLOUR,𐑒𐑳𐑤𐑼
COLOURED,𐑒𐑳𐑤𐑼𐑛
COLOURS,𐑒𐑳𐑤𐑼𐑟
COMMA,𐑒𐑪𐑥𐑩
COMMINGLED,𐑒𐑴𐑥𐑦𐑙𐑜𐑩𐑤𐑛
COMPANY,𐑒𐑳𐑥𐑐𐑩𐑯𐑦
COMPREHEND,𐑒𐑪𐑥𐑐𐑮𐑦𐑣𐑧𐑯𐑛
CONICAL,𐑒𐑪𐑯𐑦𐑒𐑩𐑤
CONNOISSEURSHIP,𐑒𐑪𐑯𐑩𐑕𐑫𐑼𐑖𐑦𐑐
CONTEMPLATION,𐑒𐑪𐑯𐑑𐑩𐑥𐑐𐑤𐑱𐑖𐑩𐑯
CORE,𐑒𐑹
CORPSE,𐑒𐑹𐑐𐑕
CORRESPOND,𐑒𐑹𐑦𐑕𐑐𐑪𐑯𐑛
CORRIDOR,𐑒𐑹𐑦𐑛𐑹
CORRIDORS,𐑒𐑹𐑦𐑛𐑹𐑟
COUGH,𐑒𐑪𐑓
COUNTRY,𐑒𐑳𐑯𐑑𐑮𐑦
COUNTRYMEN,𐑒𐑳𐑯𐑑𐑮𐑦𐑥𐑧𐑯
COURAGE,𐑒𐑳𐑮𐑦𐑡
COURT,𐑒𐑹𐑑
COURTIERS,𐑒𐑹𐑑𐑽𐑟
COWARDICE,𐑒𐑬𐑼𐑛𐑦𐑕
CRITICAL,𐑒𐑮𐑦𐑑𐑦𐑒𐑩𐑤
CURE,𐑒𐑘𐑫𐑼
CURIOUS,𐑒𐑘𐑫𐑼𐑾𐑕
D'OR,𐑛𐑹
DABBLED,𐑛𐑨𐑚𐑩𐑤𐑛
DAGGER,𐑛𐑨𐑜𐑼
DAILY,𐑛𐑱𐑤𐑦
DANCERS,𐑛𐑨𐑯𐑕𐑼𐑟
DARED,𐑛𐑺𐑛
DARES,𐑛𐑺𐑟
DARK,𐑛𐑸𐑒
DARKNESS,𐑛𐑸𐑒𐑯𐑩𐑕
DEADLY,𐑛𐑧𐑛𐑤𐑦
DEAR,𐑛𐑽
DECEMBER,𐑛𐑦𐑕𐑧𐑥𐑚𐑼
DECORATIONS,𐑛𐑧𐑒𐑼𐑱𐑖𐑩𐑯𐑟
DEEPLY,𐑛𐑰𐑐𐑤𐑦
DELIBERATE,𐑛𐑦𐑤𐑦𐑚𐑼𐑱𐑑
DELIRIOUS,𐑛𐑦𐑤𐑽𐑾𐑕
DELIRIUM,𐑛𐑦𐑤𐑽𐑾𐑥
DEMANDED,𐑛𐑦𐑥𐑨𐑯𐑛𐑩𐑛
DENSELY,𐑛𐑧𐑯𐑕𐑤𐑦
DENSER,𐑛𐑧𐑯𐑕𐑼
DEPART,𐑛𐑦𐑐𐑸𐑑
DEPOPULATED,𐑛𐑰𐑐𐑪𐑐𐑘𐑫𐑤𐑱𐑑𐑩𐑛
DESIRE,𐑛𐑦𐑟𐑲𐑼
DESPAIR,𐑛𐑦𐑕𐑐𐑺
DESPAIRING,𐑛𐑦𐑕𐑐𐑺𐑦𐑙
DEVIL,𐑛𐑧𐑝𐑩𐑤
DEVOTEDLY,𐑛𐑦𐑝𐑴𐑑𐑦𐑛𐑤𐑦
DEVOUTLY,𐑛𐑦𐑝𐑬𐑑𐑤𐑦
DIFFER,𐑛𐑦𐑓𐑼
DISAPPEARANCE,𐑛𐑦𐑕𐑩𐑐𐑽𐑩𐑯𐑕
DISASTER,𐑛𐑦𐑟𐑨𐑕𐑑𐑼
DISCONCERT,𐑛𐑦𐑕𐑒𐑩𐑯𐑕𐑻𐑑
DISCOURSE,𐑛𐑦𐑕𐑒𐑹𐑕
DISCOVERED,𐑛𐑦𐑕𐑒𐑳𐑝𐑼𐑛
DISREGARDED,𐑛𐑦𐑕𐑮𐑦𐑜𐑸𐑛𐑩𐑛
DISTINCTLY,𐑛𐑦𐑕𐑑𐑦𐑙𐑒𐑑𐑤𐑦
DIZZINESS,𐑛𐑦𐑟𐑦𐑯𐑩𐑕
DOOR,𐑛𐑹
DOORS,𐑛𐑹𐑟
DRAPERY,𐑛𐑮𐑱𐑐𐑼𐑦
DRAUGHT,𐑛𐑮𐑨𐑓𐑑
DREAMY,𐑛𐑮𐑰𐑥𐑦
DREARY,𐑛𐑮𐑽𐑦
DROPPED,𐑛𐑮𐑪𐑐𐑑
DROPS,𐑛𐑮𐑪𐑐𐑕
EAGERLY,𐑰𐑜𐑼𐑤𐑦
EARLIEST,𐑻𐑤𐑾𐑕𐑑
EARNESTLY,𐑻𐑯𐑦𐑕𐑑𐑤𐑦
EARS,𐑽𐑟
EASTERN,𐑰𐑕𐑑𐑼𐑯
EBONY,𐑧𐑚𐑩𐑯𐑦
EDGAR,𐑧𐑛𐑜𐑼
line,𐑲𐑞𐑼
EMBER,𐑧𐑥𐑚𐑼
EMPTIED,𐑧𐑥𐑐𐑑𐑦𐑛
ENABLE,𐑦𐑯𐑱𐑚𐑩𐑤
ENCHANTED,𐑦𐑯𐑗𐑨𐑯𐑑𐑩𐑛
ENCOUNTERED,𐑦𐑙𐑒𐑬𐑯𐑑𐑼𐑛
ENDEAVOURED,𐑦𐑯𐑛𐑧𐑝𐑼𐑛
ENTERED,𐑧𐑯𐑑𐑼𐑛
ENTERTAINED,𐑧𐑯𐑑𐑼𐑑𐑱𐑯𐑛
ENTERTAINMENT,𐑧𐑯𐑑𐑼𐑑𐑱𐑯𐑥𐑩𐑯𐑑
ENTRANCED,𐑦𐑯𐑑𐑮𐑨𐑯𐑕𐑑
EQUALLY,𐑰𐑒𐑢𐑩𐑤𐑦
ERE,𐑺
ESPECIAL,𐑦𐑕𐑐𐑧𐑖𐑩𐑤
ESPECIALLY,𐑦𐑕𐑐𐑧𐑖𐑩𐑤𐑦
EVER,𐑧𐑝𐑼
EVERY,𐑧𐑝𐑮𐑦
EVIL,𐑰𐑝𐑩𐑤
EXAMPLE,𐑦𐑜𐑟𐑨𐑥𐑐𐑩𐑤
EXCEEDINGLY,𐑦𐑒𐑕𐑰𐑛𐑦𐑙𐑤𐑦
EXPIRED,𐑦𐑒𐑕𐑐𐑲𐑼𐑛
EXPLORE,𐑦𐑒𐑕𐑐𐑤𐑹
EXTERNAL,𐑦𐑒𐑕𐑑𐑻𐑯𐑩𐑤
FAINTLY,𐑓𐑱𐑯𐑑𐑤𐑦
FAMILY,𐑓𐑨𐑥𐑦𐑤𐑦
FANCIES,𐑓𐑨𐑯𐑕𐑦𐑟
FANCY,𐑓𐑨𐑯𐑕𐑦
FAR,𐑓𐑸
FARTHER,𐑓𐑸𐑞𐑼
FAST,𐑓𐑨𐑕𐑑
FASTER,𐑓𐑨𐑕𐑑𐑼
FATAL,𐑓𐑱𐑑𐑩𐑤
FAVORITE,𐑓𐑱𐑝𐑼𐑦𐑑
FEARED,𐑓𐑽𐑛
FEARFUL,𐑓𐑽𐑓𐑩𐑤
FEARING,𐑓𐑽𐑦𐑙
FEATHER,𐑓𐑧𐑞𐑼
FEATURES,𐑓𐑰𐑗𐑼𐑟
FEEBLE,𐑓𐑰𐑚𐑩𐑤
FETTERED,𐑓𐑧𐑑𐑼𐑛
FIERCE,𐑓𐑽𐑕
FIERY,𐑓𐑲𐑼𐑦
FILMY,𐑓𐑦𐑤𐑥𐑦
FINALLY,𐑓𐑲𐑯𐑩𐑤𐑦
FIRE,𐑓𐑲𐑼
FIXEDLY,𐑓𐑦𐑒𐑕𐑦𐑛𐑤𐑦
FLICKERED,𐑓𐑤𐑦𐑒𐑼𐑛
FLOOR,𐑓𐑤𐑹
FLUTTER,𐑓𐑤𐑳𐑑𐑼
FLUTTERED,𐑓𐑤𐑳𐑑𐑼𐑛
FOLLOW,𐑓𐑪𐑤𐑴
FOLLOWED,𐑓𐑪𐑤𐑴𐑛
FOLLOWERS,𐑓𐑪𐑤𐑴𐑼𐑟
FOLLY,𐑓𐑪𐑤𐑦
FOR,𐑓𐑹
FOR,𐑓𐑼
FORCE,𐑓𐑹𐑕
FORCED,𐑓𐑹𐑕𐑑
FORCIBLE,𐑓𐑹𐑕𐑦𐑚𐑩𐑤
FORGET,𐑓𐑼𐑜𐑧𐑑
FORGIVENESS,𐑓𐑼𐑜𐑦𐑝𐑯𐑩𐑕
FORGOTTEN,𐑓𐑼𐑜𐑪𐑑𐑩𐑯
FORM,𐑓𐑹𐑥
FORMED,𐑓𐑹𐑥𐑛
FORMER,𐑓𐑹𐑥𐑼
FORMING,𐑓𐑹𐑥𐑦𐑙
FORTH,𐑓𐑹𐑔
FORWARD,𐑓𐑹𐑢𐑼𐑛
FOUR,𐑓𐑹
FOURTH,𐑓𐑹𐑔
FRENZY,𐑓𐑮𐑧𐑯𐑟𐑦
FROLICSOME,𐑓𐑮𐑪𐑤𐑦𐑒𐑕𐑳𐑥
FROM,𐑓𐑮𐑪𐑥
FULLY,𐑓𐑫𐑤𐑦
FURIOUS,𐑓𐑘𐑫𐑼𐑾𐑕
FURIOUSLY,𐑓𐑘𐑫𐑼𐑾𐑕𐑤𐑦
GAIETIES,𐑜𐑱𐑩𐑑𐑦𐑟
GASPED,𐑜𐑨𐑕𐑐𐑑
GAUDY,𐑜𐑷𐑛𐑦
GAUNT,𐑜𐑷𐑯𐑑
GEMMARY,𐑡𐑧𐑥𐑼𐑦
GENTLY,𐑡𐑧𐑯𐑑𐑤𐑦
GHASTLY,𐑜𐑨𐑕𐑑𐑤𐑦
GIDDIEST,𐑜𐑦𐑛𐑾𐑕𐑑
GIGANTIC,𐑡𐑲𐑜𐑨𐑯𐑑𐑦𐑒
GILEAD,𐑜𐑦𐑤𐑦𐑨𐑛
GIRDLED,𐑜𐑻𐑛𐑩𐑤𐑛
GLANCED,𐑜𐑤𐑨𐑯𐑕𐑑
GLARE,𐑜𐑤𐑺
GLARINGLY,𐑜𐑤𐑺𐑦𐑙𐑤𐑦
GLASS,𐑜𐑤𐑨𐑕
GLITTER,𐑜𐑤𐑦𐑑𐑼
GLORIOUSLY,𐑜𐑤𐑹𐑾𐑕𐑤𐑦
GLORY,𐑜𐑤𐑹𐑦
GOD,𐑜𐑪𐑛
GONE,𐑜𐑪𐑯
GOTHIC,𐑜𐑪𐑔𐑦𐑒
HAIR,𐑣𐑺
HAIRS,𐑣𐑺𐑟
HALF,𐑣𐑨𐑓
HALL,𐑣𐑷𐑤
HAMMERS,𐑣𐑨𐑥𐑼𐑟
HANDLED,𐑣𐑨𐑯𐑛𐑩𐑤𐑛
HAPPY,𐑣𐑨𐑐𐑦
HARKEN,𐑣𐑸𐑒𐑩𐑯
HEAR,𐑣𐑽
HEARKEN,𐑣𐑸𐑒𐑩𐑯
HEARKENED,𐑣𐑸𐑒𐑩𐑯𐑛
HEART,𐑣𐑸𐑑
HEARTED,𐑣𐑸𐑑𐑩𐑛
HEARTS,𐑣𐑸𐑑𐑕
HEAVILY,𐑣𐑧𐑝𐑦𐑤𐑦
HEAVY,𐑣𐑧𐑝𐑦
HERE,𐑣𐑽
HEREIN,𐑣𐑽𐑦𐑯
HERNANI,𐑣𐑼𐑯𐑭𐑯𐑦
HIDEOUS,𐑣𐑦𐑛𐑾𐑕
HISTORIES,𐑣𐑦𐑕𐑑𐑼𐑦𐑟
HOARSELY,𐑣𐑹𐑕𐑤𐑦
HONOUR,𐑪𐑯𐑼
HOPE,𐑣𐑴𐑐
HORIZONTALLY,𐑣𐑹𐑦𐑟𐑪𐑯𐑑𐑩𐑤𐑦
HORROR,𐑣𐑹𐑼
HOUR,𐑬𐑼
HOURS,𐑬𐑼𐑟
HUMBLE,𐑣𐑳𐑥𐑚𐑩𐑤
HURRIEDLY,𐑣𐑳𐑮𐑦𐑛𐑤𐑦
HURRY,𐑣𐑳𐑮𐑦
IDEA,𐑲𐑛𐑾
ILLIMITABLE,𐑦𐑤𐑦𐑥𐑦𐑑𐑩𐑚𐑩𐑤
IMMORTAL,𐑦𐑥𐑹𐑑𐑩𐑤
IMPERCEPTIBLY,𐑦𐑥𐑐𐑼𐑕𐑧𐑐𐑑𐑦𐑚𐑤𐑦
IMPERIAL,𐑦𐑥𐑐𐑽𐑾𐑤
IMPLORE,𐑦𐑥𐑐𐑤𐑹
IMPOSSIBLE,𐑦𐑥𐑐𐑪𐑕𐑦𐑚𐑩𐑤
IMPROVISATORI,𐑦𐑥𐑐𐑮𐑩𐑝𐑦𐑕𐑩𐑑𐑹𐑦
IMPUNITY,𐑦𐑥𐑐𐑿𐑯𐑦𐑑𐑦
IN,𐑦𐑯
INCIPIENT,𐑦𐑯𐑕𐑦𐑐𐑾𐑯𐑑
INDIVIDUAL,𐑦𐑯𐑛𐑦𐑝𐑦𐑡𐑵𐑩𐑤
INDIVIDUALS,𐑦𐑯𐑛𐑦𐑝𐑦𐑡𐑵𐑩𐑤𐑟
INJURIES,𐑦𐑯𐑡𐑼𐑦𐑟
INSPIRED,𐑦𐑯𐑕𐑐𐑲𐑼𐑛
INSTANTLY,𐑦𐑯𐑕𐑑𐑩𐑯𐑑𐑤𐑦
INSUFFERABLY,𐑦𐑯𐑕𐑳𐑓𐑼𐑩𐑚𐑤𐑦
INSURE,𐑦𐑯𐑖𐑫𐑼
INTERIOR,𐑦𐑯𐑑𐑽𐑽
INTERMINGLING,𐑦𐑯𐑑𐑼𐑥𐑦𐑙𐑜𐑩𐑤𐑦𐑙
INTERRUPTED,𐑦𐑯𐑑𐑼𐑳𐑐𐑑𐑩𐑛
INTERRUPTION,𐑦𐑯𐑑𐑼𐑳𐑐𐑖𐑩𐑯
INTERVAL,𐑦𐑯𐑑𐑼𐑝𐑩𐑤
INTOXICATION,𐑦𐑯𐑑𐑪𐑒𐑕𐑦𐑒𐑱𐑖𐑩𐑯
INTRUDER,𐑦𐑯𐑑𐑮𐑵𐑛𐑼
IRON,𐑲𐑼𐑯
IRREGULARLY,𐑽𐑧𐑜𐑘𐑫𐑤𐑼𐑤𐑦
ITALIAN,𐑦𐑑𐑨𐑤𐑾𐑯
ITALIANS,𐑦𐑑𐑨𐑤𐑾𐑯𐑟
JINGLED,𐑡𐑦𐑙𐑜𐑩𐑤𐑛
KEY,𐑒𐑰
KIT,𐑒𐑦𐑑
KNOCKED,𐑯𐑪𐑒𐑑
LABOR,𐑤𐑱𐑚𐑼
LABOUR,𐑤𐑱𐑚𐑼
LABOURS,𐑤𐑱𐑚𐑼𐑟
LADY,𐑤𐑱𐑛𐑦
LARGELY,𐑤𐑸𐑡𐑤𐑦
LAST,𐑤𐑨𐑕𐑑
LASTED,𐑤𐑨𐑕𐑑𐑩𐑛
LATELY,𐑤𐑱𐑑𐑤𐑦
LATTER,𐑤𐑨𐑑𐑼
LAUGH,𐑤𐑨𐑓
LAUGHED,𐑤𐑨𐑓𐑑
LAUGHTER,𐑤𐑨𐑓𐑑𐑼
LEER,𐑤𐑽
LENORE,𐑤𐑦𐑯𐑹
LETTER,𐑤𐑧𐑑𐑼
LEVEL,𐑤𐑧𐑝𐑩𐑤
LIKELINESS,𐑤𐑲𐑒𐑤𐑦𐑯𐑩𐑕
LITTLE,𐑤𐑦𐑑𐑩𐑤
LOFTY,𐑤𐑪𐑓𐑑𐑦
LONELINESS,𐑤𐑴𐑯𐑤𐑦𐑯𐑩𐑕
LONELY,𐑤𐑴𐑯𐑤𐑦
LONG,𐑤𐑪𐑙
LONGER,𐑤𐑪𐑙𐑜𐑼
LORD,𐑤𐑹𐑛
LORDLY,𐑤𐑹𐑛𐑤𐑦
LORE,𐑤𐑹
LOST,𐑤𐑪𐑕𐑑
LOT,𐑤𐑪𐑑
LOUDER,𐑤𐑬𐑛𐑼
LOUDLY,𐑤𐑬𐑛𐑤𐑦
LOVELY,𐑤𐑳𐑝𐑤𐑦
LOVER,𐑤𐑳𐑝𐑼
LUCHESI,𐑤𐑵𐑗𐑧𐑕𐑦
LUCKILY,𐑤𐑳𐑒𐑦𐑤𐑦
LUSTRE,𐑤𐑳𐑕𐑑𐑼
MANNER,𐑥𐑨𐑯𐑼
MANY,𐑥𐑧𐑯𐑦
MARVEL,𐑥𐑸𐑝𐑩𐑤
MARVELLED,𐑥𐑸𐑝𐑩𐑤𐑛
MASK,𐑥𐑨𐑕𐑒
MASKED,𐑥𐑨𐑕𐑒𐑑
MASKERS,𐑥𐑨𐑕𐑒𐑼𐑟
MASON,𐑥𐑱𐑕𐑩𐑯
MASONRY,𐑥𐑱𐑕𐑩𐑯𐑮𐑦
MASSY,𐑥𐑨𐑕𐑦
MASTER,𐑥𐑨𐑕𐑑𐑼
MATERIAL,𐑥𐑩𐑑𐑽𐑾𐑤
MATERIALLY,𐑥𐑩𐑑𐑽𐑾𐑤𐑦
MATERIALS,𐑥𐑩𐑑𐑽𐑾𐑤𐑟
MATTER,𐑥𐑨𐑑𐑼
MATTERS,𐑥𐑨𐑑𐑼𐑟
MAY,𐑥𐑱
MEASURE,𐑥𐑧𐑠𐑼
MEASURED,𐑥𐑧𐑠𐑼𐑛
MEEKLY,𐑥𐑰𐑒𐑤𐑦
MELANCHOLY,𐑥𐑧𐑤𐑩𐑙𐑒𐑪𐑤𐑦
MEMORIES,𐑥𐑧𐑥𐑼𐑦𐑟
MERE,𐑥𐑽
MERELY,𐑥𐑽𐑤𐑦
MERRILY,𐑥𐑧𐑮𐑦𐑤𐑦
MERRY,𐑥𐑧𐑮𐑦
MIDDLE,𐑥𐑦𐑛𐑩𐑤
MIGHTY,𐑥𐑲𐑑𐑦
MOCKERY,𐑥𐑪𐑒𐑼𐑦
MODERN,𐑥𐑪𐑛𐑼𐑯
MOISTURE,𐑥𐑶𐑕𐑗𐑼
MOMENTARILY,𐑥𐑴𐑥𐑩𐑯𐑑𐑧𐑮𐑦𐑤𐑦
MOMENTARY,𐑥𐑴𐑥𐑩𐑯𐑑𐑼𐑦
MONOTONOUS,𐑥𐑩𐑯𐑪𐑑𐑩𐑯𐑩𐑕
MONTRESOR,𐑥𐑪𐑯𐑑𐑮𐑧𐑕𐑼
MONTRESORS,𐑥𐑪𐑯𐑑𐑮𐑧𐑕𐑼𐑟
MOODY,𐑥𐑵𐑛𐑦
MORE,𐑥𐑹
MORESQUE,𐑥𐑹𐑕𐑒
MORNING,𐑥𐑹𐑯𐑦𐑙
MORROW,𐑥𐑹𐑴
MORTAL,𐑥𐑹𐑑𐑩𐑤
MORTALS,𐑥𐑹𐑑𐑩𐑤𐑟
MORTAR,𐑥𐑹𐑑𐑼
MOSS,𐑥𐑪𐑕
MOTLEY,𐑥𐑪𐑑𐑤𐑦
MOTTO,𐑥𐑪𐑑𐑴
MOVABLE,𐑥𐑵𐑝𐑩𐑚𐑩𐑤
MUFFLED,𐑥𐑳𐑓𐑩𐑤𐑛
MULTIFORM,𐑥𐑳𐑤𐑑𐑦𐑓𐑹𐑥
MUMMER,𐑥𐑳𐑥𐑼
MURMUR,𐑥𐑻𐑥𐑼
MURMURED,𐑥𐑻𐑥𐑼𐑛
MUSICAL,𐑥𐑿𐑟𐑦𐑒𐑩𐑤
MUSICALS,𐑥𐑿𐑟𐑦𐑒𐑩𐑤𐑟
MUTTERED,𐑥𐑳𐑑𐑼𐑛
MYSTERY,𐑥𐑦𐑕𐑑𐑼𐑦
NARROW,𐑯𐑨𐑮𐑴
NATURE,𐑯𐑱𐑗𐑼
NEAR,𐑯𐑽
NEARER,𐑯𐑽𐑼
NEARLY,𐑯𐑽𐑤𐑦
NECESSARY,𐑯𐑧𐑕𐑦𐑕𐑼𐑦
NEITHER,𐑯𐑲𐑞𐑼
NEPENTHE,𐑯𐑦𐑐𐑧𐑯𐑔𐑦
NEVER,𐑯𐑧𐑝𐑼
NEVERTHELESS,𐑯𐑧𐑝𐑼𐑞𐑩𐑤𐑧𐑕
NIGHTLY,𐑯𐑲𐑑𐑤𐑦
NITRE,𐑯𐑲𐑑𐑼
NOBLE,𐑯𐑴𐑚𐑩𐑤
NODDED,𐑯𐑪𐑛𐑩𐑛
NOR,𐑯𐑹
NORTH,𐑯𐑹𐑔
NOT,𐑯𐑪𐑑
NOVEL,𐑯𐑪𐑝𐑩𐑤
NUMBER,𐑯𐑳𐑥𐑚𐑼
NUMBER,𐑯𐑳𐑥𐑼
O'ER,𐑹
OBEDIENT,𐑴𐑚𐑰𐑛𐑾𐑯𐑑
OF,𐑪𐑝
OFF,𐑪𐑓
OFFERING,𐑪𐑓𐑼𐑦𐑙
OMINOUS,𐑪𐑥𐑦𐑯𐑩𐑕
ON,𐑪𐑯
ONE,𐑢𐑪𐑯
ONLY,𐑴𐑯𐑤𐑦
OPPOSITE,𐑪𐑐𐑩𐑟𐑦𐑑
OR,𐑹
OR,𐑼
ORANGE,𐑹𐑦𐑯𐑡
ORBS,𐑹𐑚𐑟
ORCHESTRA,𐑹𐑒𐑦𐑕𐑑𐑮𐑩
ORDERS,𐑹𐑛𐑼𐑟
ORDINARY,𐑹𐑛𐑦𐑯𐑼𐑦
ORNAMENTED,𐑹𐑯𐑩𐑥𐑧𐑯𐑑𐑩𐑛
ORNAMENTS,𐑹𐑯𐑩𐑥𐑩𐑯𐑑𐑕
OTHER,𐑳𐑞𐑼
OUR,𐑬𐑼
OURSELVES,𐑬𐑼𐑕𐑧𐑤𐑝𐑟
OUTPOUR,𐑬𐑑𐑐𐑹
OVAL,𐑴𐑝𐑩𐑤
OVER,𐑴𐑝𐑼
OVERHEAD,𐑴𐑝𐑼𐑣𐑧𐑛
PADLOCK,𐑐𐑨𐑛𐑤𐑪𐑒
PAINTER,𐑐𐑱𐑯𐑑𐑼
PARIS,𐑐𐑨𐑮𐑦𐑕
PART,𐑐𐑸𐑑
PARTI,𐑐𐑸𐑑𐑦
PARTIALLY,𐑐𐑸𐑖𐑩𐑤𐑦
PARTING,𐑐𐑸𐑑𐑦𐑙
PARTY,𐑐𐑸𐑑𐑦
PASS,𐑐𐑨𐑕
PASSED,𐑐𐑨𐑕𐑑
PASSES,𐑐𐑨𐑕𐑩𐑟
PEDRO,𐑐𐑧𐑛𐑮𐑴
PEERING,𐑐𐑽𐑦𐑙
PERCEIVE,𐑐𐑼𐑕𐑰𐑝
PERCEIVED,𐑐𐑼𐑕𐑰𐑝𐑛
PERCENT,𐑐𐑼𐑕𐑧𐑯𐑑
PERCENTAGE,𐑐𐑼𐑕𐑧𐑯𐑑𐑦𐑡
PERCENTAGES,𐑐𐑼𐑕𐑧𐑯𐑑𐑦𐑡𐑩𐑟
PERCENTILE,𐑐𐑼𐑕𐑧𐑯𐑑𐑲𐑤
PERCENTILES,𐑐𐑼𐑕𐑧𐑯𐑑𐑲𐑤𐑟
PERCENTS,𐑐𐑼𐑕𐑧𐑯𐑑𐑕
PERCEPTION,𐑐𐑼𐑕𐑧𐑐𐑖𐑩𐑯
PERFORCE,𐑐𐑼𐑓𐑹𐑕
PERFORCE,𐑐𐑻𐑓𐑹𐑕
PERFORMANCE,𐑐𐑼𐑓𐑹𐑥𐑩𐑯𐑕
PERHAPS,𐑐𐑼𐑣𐑨𐑐𐑕
PERUSAL,𐑐𐑼𐑵𐑟𐑩𐑤
PERVADED,𐑐𐑼𐑝𐑱𐑛𐑩𐑛
PHANTASM,𐑓𐑨𐑯𐑑𐑨𐑟𐑩𐑥
PHANTASMS,𐑓𐑨𐑯𐑑𐑨𐑟𐑩𐑥𐑟
PICTURE,𐑐𐑦𐑒𐑗𐑼
PICTURES,𐑐𐑦𐑒𐑗𐑼𐑟
PIQUANCY,𐑐𐑰𐑒𐑢𐑩𐑯𐑕𐑦
PLAINLY,𐑐𐑤𐑱𐑯𐑤𐑦
PLASTERED,𐑐𐑤𐑨𐑕𐑑𐑼𐑛
PLEASURE,𐑐𐑤𐑧𐑠𐑼
PLUTONIAN,𐑐𐑤𐑵𐑑𐑴𐑯𐑾𐑯
PONDERED,𐑐𐑪𐑯𐑛𐑼𐑛
POOR,𐑐𐑫𐑼
PORES,𐑐𐑹𐑟
PORTION,𐑐𐑹𐑖𐑩𐑯
PORTRAY,𐑐𐑹𐑑𐑮𐑱
POSITIVELY,𐑐𐑪𐑟𐑦𐑑𐑦𐑝𐑤𐑦
POWER,𐑐𐑬𐑼
PRECAUTIONS,𐑐𐑮𐑦𐑒𐑷𐑖𐑩𐑯𐑟
PRESENTLY,𐑐𐑮𐑧𐑟𐑩𐑯𐑑𐑤𐑦
PRICE,𐑐𐑮𐑲𐑕
PROPER,𐑐𐑮𐑪𐑐𐑼
PROPHET,𐑐𐑮𐑪𐑓𐑦𐑑
PROPRIETY,𐑐𐑮𐑩𐑐𐑮𐑲𐑩𐑑𐑦
PROSTRATE,𐑐𐑮𐑪𐑕𐑑𐑮𐑱𐑑
PURPLE,𐑐𐑻𐑐𐑩𐑤
PURPORTED,𐑐𐑼𐑐𐑹𐑑𐑩𐑛
QUAFF,𐑒𐑢𐑪𐑓
QUANTITY,𐑒𐑢𐑪𐑯𐑑𐑦𐑑𐑦
R,𐑸
RADCLIFFE,𐑮𐑨𐑛𐑒𐑤𐑦𐑓
RADIANT,𐑮𐑱𐑛𐑾𐑯𐑑
RAMPART,𐑮𐑨𐑥𐑐𐑸𐑑
RAPIDLY,𐑮𐑨𐑐𐑦𐑛𐑤𐑦
RAPIER,𐑮𐑱𐑐𐑽
RARE,𐑮𐑺
RAREST,𐑮𐑺𐑩𐑕𐑑
RATHER,𐑮𐑨𐑞𐑼
REASSURED,𐑮𐑰𐑩𐑖𐑫𐑼𐑛
RECOILING,𐑮𐑦𐑒𐑶𐑤𐑦𐑙
RECOVERED,𐑮𐑦𐑒𐑳𐑝𐑼𐑛
REDRESSER,𐑮𐑦𐑛𐑮𐑧𐑕𐑼
REGARD,𐑮𐑦𐑜𐑸𐑛
REGARDS,𐑮𐑦𐑜𐑸𐑛𐑟
RELEVANCY,𐑮𐑧𐑤𐑦𐑝𐑩𐑯𐑕𐑦
REMARKABLY,𐑮𐑦𐑥𐑸𐑒𐑩𐑚𐑤𐑦
REMEMBER,𐑮𐑦𐑥𐑧𐑥𐑚𐑼
RENDER,𐑮𐑧𐑯𐑛𐑼
RENDERED,𐑮𐑧𐑯𐑛𐑼𐑛
REPLACED,𐑮𐑦𐑐𐑤𐑱𐑕𐑑
REPOSE,𐑮𐑦𐑐𐑴𐑟
RESEMBLE,𐑮𐑦𐑟𐑧𐑥𐑚𐑩𐑤
RESOLVED,𐑮𐑦𐑟𐑪𐑤𐑝𐑛
RESPONSIBLE,𐑮𐑦𐑕𐑐𐑪𐑯𐑕𐑦𐑚𐑩𐑤
RETIRED,𐑮𐑦𐑑𐑲𐑼𐑛
RETREATING,𐑮𐑦𐑑𐑮𐑰𐑑𐑦𐑙
REVEL,𐑮𐑧𐑝𐑩𐑤
REVELLED,𐑮𐑧𐑝𐑩𐑤𐑛
REVELLERS,𐑮𐑧𐑝𐑩𐑤𐑼𐑟
REVENGE,𐑮𐑦𐑝𐑧𐑯𐑡
REVERENT,𐑮𐑧𐑝𐑼𐑩𐑯𐑑
REVERIES,𐑮𐑧𐑝𐑼𐑦𐑟
REVERY,𐑮𐑧𐑝𐑼𐑦
RICHLY,𐑮𐑦𐑗𐑤𐑦
RIVAL,𐑮𐑲𐑝𐑩𐑤
RIVER'S,𐑮𐑦𐑝𐑼𐑟
ROCK,𐑮𐑪𐑒
RUDDIER,𐑮𐑳𐑛𐑽
RUMOUR,𐑮𐑵𐑥𐑼
RUSTLING,𐑮𐑳𐑕𐑩𐑤𐑦𐑙
SABLE,𐑕𐑱𐑚𐑩𐑤
SAINTLY,𐑕𐑱𐑯𐑑𐑤𐑦
SCARCE,𐑕𐑒𐑺𐑕
SCARCELY,𐑕𐑒𐑺𐑕𐑤𐑦
SCARLET,𐑕𐑒𐑸𐑤𐑦𐑑
SCATTERED,𐑕𐑒𐑨𐑑𐑼𐑛
SCONCES,𐑕𐑒𐑪𐑯𐑕𐑩𐑟
SCRUTINY,𐑕𐑒𐑮𐑵𐑑𐑦𐑯𐑦
SCULPTURED,𐑕𐑒𐑳𐑤𐑐𐑗𐑼𐑛
SECURE,𐑕𐑦𐑒𐑘𐑫𐑼
SECURITY,𐑕𐑦𐑒𐑘𐑫𐑼𐑦𐑑𐑦
SEIZURE,𐑕𐑰𐑠𐑼
SEPARATE,𐑕𐑧𐑐𐑼𐑱𐑑
SETTLED,𐑕𐑧𐑑𐑩𐑤𐑛
SEVERAL,𐑕𐑧𐑝𐑼𐑩𐑤
SEVERE,𐑕𐑦𐑝𐑽
SHARP,𐑖𐑸𐑐
SHERRY,𐑖𐑧𐑮𐑦
SHORE,𐑖𐑹
SHORN,𐑖𐑹𐑯
SHORT,𐑖𐑹𐑑
SHOULDERS,𐑖𐑴𐑤𐑛𐑼𐑟
SHUDDER,𐑖𐑳𐑛𐑼
SHUTTER,𐑖𐑳𐑑𐑼
SHUTTERS,𐑖𐑳𐑑𐑼𐑟
SILLY,𐑕𐑦𐑤𐑦
SIMILAR,𐑕𐑦𐑥𐑦𐑤𐑼
SINCERE,𐑕𐑦𐑯𐑕𐑽
SINGLE,𐑕𐑦𐑙𐑜𐑩𐑤
SIXTY,𐑕𐑦𐑒𐑕𐑑𐑦
SKILLFUL,𐑕𐑒𐑦𐑤𐑓𐑩𐑤
SLUMBER,𐑕𐑤𐑳𐑥𐑚𐑼
SLUMBERING,𐑕𐑤𐑳𐑥𐑚𐑼𐑦𐑙
SOBER,𐑕𐑴𐑚𐑼
SOCKET,𐑕𐑪𐑒𐑦𐑑
SOLEMN,𐑕𐑪𐑤𐑩𐑥
SOLEMNLY,𐑕𐑪𐑤𐑩𐑥𐑤𐑦
SOLID,𐑕𐑪𐑤𐑦𐑛
SONGS,𐑕𐑪𐑙𐑟
SORROW,𐑕𐑹𐑴
SPARKLED,𐑕𐑐𐑸𐑒𐑩𐑤𐑛
SPEAKER,𐑕𐑐𐑰𐑒𐑼
SPECTRAL,𐑕𐑐𐑧𐑒𐑑𐑮𐑩𐑤
SQUARE,𐑕𐑒𐑢𐑺
STAPLES,𐑕𐑑𐑱𐑐𐑩𐑤𐑟
START,𐑕𐑑𐑸𐑑
STARTLE,𐑕𐑑𐑸𐑑𐑩𐑤
STARTLED,𐑕𐑑𐑸𐑑𐑩𐑤𐑛
STARTLING,𐑕𐑑𐑸𐑑𐑩𐑤𐑦𐑙
STATELY,𐑕𐑑𐑱𐑑𐑤𐑦
STOCK,𐑕𐑑𐑪𐑒
STOPPED,𐑕𐑑𐑪𐑐𐑑
STORE,𐑕𐑑𐑹
STRANGER,𐑕𐑑𐑮𐑱𐑯𐑡𐑼
STRONG,𐑕𐑑𐑮𐑪𐑙
STRONGER,𐑕𐑑𐑮𐑪𐑙𐑜𐑼
STRUCTURE,𐑕𐑑𐑮𐑳𐑒𐑗𐑼
STRUGGLED,𐑕𐑑𐑮𐑳𐑜𐑩𐑤𐑛
SUDDENLY,𐑕𐑳𐑛𐑩𐑯𐑤𐑦
SUFFERED,𐑕𐑳𐑓𐑼𐑛
SULLY,𐑕𐑳𐑤𐑦
SUMPTUOUSLY,𐑕𐑳𐑥𐑐𐑗𐑵𐑩𐑕𐑤𐑦
SUPPORTS,𐑕𐑩𐑐𐑹𐑑𐑕
SURE,𐑖𐑫𐑼
SURELY,𐑖𐑫𐑼𐑤𐑦
SURMOUNTED,𐑕𐑼𐑥𐑬𐑯𐑑𐑩𐑛
SURPASSED,𐑕𐑼𐑐𐑨𐑕𐑑
SURPASSINGLY,𐑕𐑼𐑐𐑨𐑕𐑦𐑙𐑤𐑦
SYLLABLE,𐑕𐑦𐑤𐑩𐑚𐑩𐑤
SYMPATHY,𐑕𐑦𐑥𐑐𐑩𐑔𐑦
TANGIBLE,𐑑𐑨𐑯𐑡𐑦𐑚𐑩𐑤
TAPESTRIES,𐑑𐑨𐑐𐑦𐑕𐑑𐑮𐑦𐑟
TAPESTRY,𐑑𐑨𐑐𐑦𐑕𐑑𐑮𐑦
TASK,𐑑𐑨𐑕𐑒
TATTERED,𐑑𐑨𐑑𐑼𐑛
TECHNICALLY,𐑑𐑧𐑒𐑯𐑦𐑒𐑤𐑦
TEMPORARILY,𐑑𐑧𐑥𐑐𐑼𐑧𐑮𐑦𐑤𐑦
TEMPTER,𐑑𐑧𐑥𐑐𐑑𐑼
TERMINATION,𐑑𐑼𐑥𐑦𐑯𐑱𐑖𐑩𐑯
TERRIBLE,𐑑𐑧𐑮𐑦𐑚𐑩𐑤
TERROR,𐑑𐑧𐑮𐑼
TERRORS,𐑑𐑧𐑮𐑼𐑟
THEIR,𐑞𐑺
THERE,𐑞𐑺
THEREAT,𐑞𐑺𐑨𐑑
THIRTY,𐑔𐑻𐑑𐑦
THOUGHTFUL,𐑔𐑷𐑑𐑓𐑩𐑤
THRONG,𐑔𐑮𐑪𐑙
TIER,𐑑𐑽
TIER,𐑑𐑲𐑼
TINKLED,𐑑𐑦𐑙𐑒𐑩𐑤𐑛
TOGETHER,𐑑𐑩𐑜𐑧𐑞𐑼
TORCH,𐑑𐑹𐑗
TOSSED,𐑑𐑪𐑕𐑑
TOWARDS,𐑑𐑩𐑢𐑹𐑛𐑟
TREMBLED,𐑑𐑮𐑧𐑥𐑚𐑩𐑤𐑛
TRICKLE,𐑑𐑮𐑦𐑒𐑩𐑤
TRIPOD,𐑑𐑮𐑲𐑐𐑪𐑛
TRIPODS,𐑑𐑮𐑲𐑐𐑪𐑛𐑟
TROPHIES,𐑑𐑮𐑴𐑓𐑦𐑟
TROWEL,𐑑𐑮𐑬𐑩𐑤
TRULY,𐑑𐑮𐑵𐑤𐑦
TURRET,𐑑𐑳𐑮𐑦𐑑
TWENTY,𐑑𐑢𐑧𐑯𐑑𐑦
UNCOMPLAININGLY,𐑳𐑙𐑒𐑩𐑥𐑐𐑤𐑱𐑯𐑦𐑙𐑤𐑦
UNCOVERED,𐑳𐑙𐑒𐑳𐑝𐑼𐑛
UNDERSTAND,𐑳𐑯𐑛𐑼𐑕𐑑𐑨𐑯𐑛
UNDERSTOOD,𐑳𐑯𐑛𐑼𐑕𐑑𐑫𐑛
UNEASY,𐑳𐑯𐑰𐑟𐑦
UNGAINLY,𐑳𐑙𐑜𐑱𐑯𐑤𐑦
UNHAPPY,𐑳𐑯𐑣𐑨𐑐𐑦
UNMASK,𐑳𐑯𐑥𐑨𐑕𐑒
UNMERCIFUL,𐑳𐑯𐑥𐑻𐑕𐑦𐑓𐑩𐑤
UNREDRESSED,𐑳𐑯𐑮𐑦𐑛𐑮𐑧𐑕𐑑
UNSTEADILY,𐑳𐑯𐑕𐑑𐑧𐑛𐑦𐑤𐑦
UNSTEADY,𐑳𐑯𐑕𐑑𐑧𐑛𐑦
UNTOWARD,𐑳𐑯𐑑𐑩𐑢𐑹𐑛
UNUSUALLY,𐑳𐑯𐑿𐑠𐑵𐑩𐑤𐑦
UNUTTERABLE,𐑳𐑯𐑳𐑑𐑼𐑩𐑚𐑩𐑤
UPON,𐑩𐑐𐑪𐑯
UPSTARTING,𐑳𐑐𐑕𐑑𐑸𐑑𐑦𐑙
UPWARDS,𐑳𐑐𐑢𐑼𐑛𐑟
UTTERANCE,𐑳𐑑𐑼𐑩𐑯𐑕
UTTERED,𐑳𐑑𐑼𐑛
UTTERLY,𐑳𐑑𐑼𐑤𐑦
UTTERS,𐑳𐑑𐑼𐑟
VAINLY,𐑝𐑱𐑯𐑤𐑦
VARIED,𐑝𐑺𐑦𐑛
VAST,𐑝𐑨𐑕𐑑
VAULT,𐑝𐑪𐑤𐑑
VAULTS,𐑝𐑪𐑤𐑑𐑕
VEHEMENTLY,𐑝𐑾𐑥𐑩𐑯𐑑𐑤𐑦
VENTURE,𐑝𐑧𐑯𐑗𐑼
VENTURED,𐑝𐑧𐑯𐑗𐑼𐑛
VERY,𐑝𐑧𐑮𐑦
VESTURE,𐑝𐑧𐑕𐑗𐑼
VIGOROUSLY,𐑝𐑦𐑜𐑼𐑩𐑕𐑤𐑦
VIOLENTLY,𐑝𐑲𐑩𐑤𐑩𐑯𐑑𐑤𐑦
VISIBLY,𐑝𐑦𐑟𐑦𐑚𐑤𐑦
VISITER,𐑝𐑦𐑟𐑦𐑑𐑼
VISITOR,𐑝𐑦𐑟𐑦𐑑𐑼
VIVIDLY,𐑝𐑦𐑝𐑦𐑛𐑤𐑦
VOLUME,𐑝𐑪𐑤𐑿𐑥
W,𐑛𐑳𐑚𐑩𐑤𐑿
WALTZERS,𐑢𐑪𐑤𐑑𐑕𐑼𐑟
WANDERING,𐑢𐑪𐑯𐑛𐑼𐑦𐑙
WANTON,𐑢𐑪𐑯𐑑𐑩𐑯
WARM,𐑢𐑹𐑥
WARMTH,𐑢𐑹𐑥𐑔
WAS,𐑢𐑪𐑟
WAY,𐑢𐑱
WEARY,𐑢𐑽𐑦
WERE,𐑢𐑼
WERE,𐑢𐑻
WERE,𐑢𐑺
WESTERN,𐑢𐑧𐑕𐑑𐑼𐑯
WESTWARDLY,𐑢𐑧𐑕𐑑𐑢𐑼𐑛𐑤𐑦
WHAT,𐑢𐑪𐑑
WHENEVER,𐑢𐑧𐑯𐑧𐑝𐑼
WHERE,𐑢𐑺
WHETHER,𐑢𐑧𐑞𐑼
WHIRLINGLY,𐑢𐑻𐑤𐑦𐑙𐑤𐑦
WHISPERED,𐑢𐑦𐑕𐑐𐑼𐑛
WHISPERING,𐑢𐑦𐑕𐑐𐑼𐑦𐑙
WHISPERINGLY,𐑢𐑦𐑕𐑐𐑼𐑦𐑙𐑤𐑦
WHITHER,𐑢𐑦𐑞𐑼
WILL,𐑢𐑦𐑤
WITHERED,𐑢𐑦𐑞𐑼𐑛
WONDERING,𐑢𐑳𐑯𐑛𐑼𐑦𐑙
WONT,𐑢𐑪𐑯𐑑
WORE,𐑢𐑹
WORN,𐑢𐑹𐑯
WRONG,𐑮𐑪𐑙
YARD,𐑘𐑸𐑛
YARDS,𐑘𐑸𐑛𐑟
YORE,𐑘𐑹
YOUNG,𐑘𐑳𐑙
YOUR,𐑘𐑹